Workbook

Sheet ANT_pumpParticles_Export_v2
A1: GTNum | B1: StnCast | C1: Station | D1: CastType | E1: DepthFromBottom | F1: Lat | G1: Lon | H1: DistFromShore | I1: Depth | J1: Ag_SSF | K1: Al_SSF | L1: Ba_SSF | M1: Cd_SSF | N1: Ce_SSF | O1: Co_SSF | P1: Cr_SSF | Q1: Cu65_SSF | R1: Cu_SSF | S1: Dy161_SSF | T1: Dy_SSF | U1: Er167_SSF | V1: Er_SSF | W1: Eu153_SSF | X1: Eu_SSF | Y1: Fe57_SSF | Z1: Fe_SSF | AA1: Gd157_SSF | AB1: Gd_SSF | AC1: Ho_SSF | AD1: La_SSF | AE1: Lu_SSF | AF1: Mn_SSF | AG1: Mo_SSF | AH1: Nd143_SSF | AI1: Nd_SSF | AJ1: Ni_SSF | AK1: P_SSF | AL1: Pb_SSF | AM1: Pr_SSF | AN1: Rb_SSF | AO1: Re_SSF | AP1: Sc_SSF | AQ1: Sm149_SSF | AR1: Sm_SSF | AS1: Sr_SSF | AT1: Tb_SSF | AU1: Th_SSF | AV1: Ti_SSF | AW1: Tm_SSF | AX1: U_SSF | AY1: V_SSF | AZ1: Y_SSF | BA1: Yb172_SSF | BB1: Yb_SSF | BC1: Zn_SSF | BD1: Zr_SSF | BE1: Ag_LSF | BF1: Al_LSF | BG1: Ba_LSF | BH1: Cd_LSF | BI1: Ce_LSF | BJ1: Co_LSF | BK1: Cr_LSF | BL1: Cu65_LSF | BM1: Cu_LSF | BN1: Dy161_LSF | BO1: Dy_LSF | BP1: Er167_LSF | BQ1: Er_LSF | BR1: Eu153_LSF | BS1: Eu_LSF | BT1: Fe57_LSF | BU1: Fe_LSF | BV1: Gd157_LSF | BW1: Gd_LSF | BX1: Ho_LSF | BY1: La_LSF | BZ1: Lu_LSF | CA1: Mn_LSF | CB1: Mo_LSF | CC1: Nd143_LSF | CD1: Nd_LSF | CE1: Ni_LSF | CF1: P_LSF | CG1: Pb_LSF | CH1: Pr_LSF | CI1: Rb_LSF | CJ1: Re_LSF | CK1: Sc_LSF | CL1: Sm149_LSF | CM1: Sm_LSF | CN1: Sr_LSF | CO1: Tb_LSF | CP1: Th_LSF | CQ1: Ti_LSF | CR1: Tm_LSF | CS1: U_LSF | CT1: V_LSF | CU1: Y_LSF | CV1: Yb172_LSF | CW1: Yb_LSF | CX1: Zn_LSF | CY1: Zr_LSF | CZ1: Ag_LAB | DA1: Al_LAB | DB1: Ba_LAB | DC1: Cd_LAB | DD1: Ce_LAB | DE1: Co_LAB | DF1: Cr_LAB | DG1: Cu_LAB | DH1: Fe57_LAB | DI1: Fe_LAB | DJ1: La_LAB | DK1: Mn_LAB | DL1: Mo_LAB | DM1: Nd_LAB | DN1: Ni_LAB | DO1: P_LAB | DP1: Pb_LAB | DQ1: Pr_LAB | DR1: Sc_LAB | DS1: Sr_LAB | DT1: Th_LAB | DU1: Ti_LAB | DV1: V_LAB | DW1: Y_LAB | DX1: Yb_LAB | DY1: Zn_LAB | DZ1: =LEFT(CZ1,FIND("_",CZ1)-1)&"_REF" -> Ag_REF | EA1: =LEFT(DA1,FIND("_",DA1)-1)&"_REF" -> Al_REF | EB1: =LEFT(DB1,FIND("_",DB1)-1)&"_REF" -> Ba_REF | EC1: =LEFT(DC1,FIND("_",DC1)-1)&"_REF" -> Cd_REF | ED1: =LEFT(DD1,FIND("_",DD1)-1)&"_REF" -> Ce_REF | EE1: =LEFT(DE1,FIND("_",DE1)-1)&"_REF" -> Co_REF | EF1: =LEFT(DF1,FIND("_",DF1)-1)&"_REF" -> Cr_REF | EG1: =LEFT(DG1,FIND("_",DG1)-1)&"_REF" -> Cu_REF | ... EY1: =LEFT(DY1,FIND("_",DY1)-1)&"_REF" -> Zn_REF
A2: 18864 | B2: 3S | C2: 3 | D2: S | E2: -4689.3636 | F2: -67.0041 | G2: -100.035 | H2: 527.7803 | I2: 18.636364 | J2: 1.1866362 | K2: NaN | L2: 31.983794 | M2: 39.242305 | N2: 43.653259 | O2: 1.3795878 | P2: 4.7095691 | Q2: 34.182505 | R2: 30.929416 | S2: NaN | T2: NaN | U2: NaN | V2: 0.02406809 | W2: NaN | X2: NaN | Y2: 153.4683 | Z2: 161.50949 | AA2: NaN | AB2: NaN | AC2: NaN | AD2: 40.960876 | AE2: NaN | AF2: 21.531523 | AG2: NaN | AH2: NaN | AI2: NaN | AJ2: 15.229544 | AK2: 46932.905 | AL2: 0.78593338 | AM2: 0.003553618 | AN2: NaN | AO2: NaN | AP2: NaN | AQ2: NaN | AR2: NaN | AS2: 126.45141 | AT2: NaN | AU2: NaN | AV2: 26.386263 | AW2: NaN | AX2: 0.2047614 | AY2: 3.9536353 | AZ2: 0.060440821 | BA2: NaN | BB2: NaN | BC2: 277.62282 | BD2: 0.65792593 | BE2: 0.021573933 | BF2: 19.218383 | BG2: 36.794 | BH2: 1.3106593 | BI2: 37.715022 | BJ2: NaN | BK2: 0.17992667 | BL2: 3.7468 | BM2: 3.6229292 | BN2: NaN | BO2: NaN | BP2: NaN | BQ2: 0.00274118 | BR2: NaN | BS2: NaN | BT2: 22.050494 | BU2: 21.550979 | BV2: NaN | BW2: NaN | BX2: NaN | BY2: 37.742613 | BZ2: NaN | CA2: 1.8151216 | CB2: 0.032522577 | CC2: NaN | CD2: NaN | CE2: NaN | CF2: 2747.1938 | CG2: 0.13217679 | CH2: 0.001475792 | CI2: 0.4315373 | CJ2: 0.001944555 | CK2: NaN | CL2: NaN | CM2: 0.044712106 | CN2: 33.316381 | CO2: NaN | CP2: NaN | CQ2: 17.878288 | CR2: NaN | CS2: 0.084591383 | CT2: 2.0510876 | CU2: NaN | CV2: NaN | CW2: NaN | CX2: 69.603817 | CY2: 0.01860358 | CZ2: 1.6022345 | DA2: 116.77831 | DB2: 7.2159785 | DC2: 42.312978 | DD2: 0.023433641 | DE2: 1.0450982 | DF2: NaN | DG2: 29.104223 | DH2: 63.582037 | DI2: 62.93452 | DJ2: 0.022889685 | DK2: 31.70798 | DL2: NaN | DM2: 0.011352366 | DN2: 15.846845 | DO2: 51589.409 | DP2: 0.44474578 | DQ2: 0.0016154558 | DR2: 0.029404643 | DS2: NaN | DT2: 0.0024630405 | DU2: NaN | DV2: 9.9939129 | DW2: 0.12728802 | DX2: 0.0087344262 | DY2: 367.08052 | DZ2: =IFERROR(IF(BE2<J2,BE2*-1+J2,"NaN"),"NaN") -> 1.1650623 | EA2: =IFERROR(IF(BF2<K2,BF2*-1+K2,"NaN"),"NaN") -> NaN | EB2: =IFERROR(IF(BG2<L2,BG2*-1+L2,"NaN"),"NaN") -> NaN | EC2: =IFERROR(IF(BH2<M2,BH2*-1+M2,"NaN"),"NaN") -> 37.931646 | ED2: =IFERROR(IF(BI2<N2,BI2*-1+N2,"NaN"),"NaN") -> 5.9382367 | EE2: =IFERROR(IF(BJ2<O2,BJ2*-1+O2,"NaN"),"NaN") -> NaN | EF2: =IFERROR(IF(BK2<P2,BK2*-1+P2,"NaN"),"NaN") -> 4.5296424 | EG2: =IFERROR(IF(BL2<R2,BL2*-1+R2,"NaN"),"NaN") -> 27.182616 | EH2: =IFERROR(IF(BM2<Y2,BM2*-1+Y2,"NaN"),"NaN") -> 149.84537 | EI2: =IFERROR(IF(BN2<Z2,BN2*-1+Z2,"NaN"),"NaN") -> NaN | EJ2: =IFERROR(IF(BO2<AD2,BO2*-1+AD2,"NaN"),"NaN") -> NaN | EK2: =IFERROR(IF(BP2<AF2,BP2*-1+AF2,"NaN"),"NaN") -> NaN | EL2: =IFERROR(IF(BQ2<AG2,BQ2*-1+AG2,"NaN"),"NaN") -> NaN | EM2: =IFERROR(IF(BR2<AI2,BR2*-1+AI2,"NaN"),"NaN") -> NaN | EN2: =IFERROR(IF(BS2<AJ2,BS2*-1+AJ2,"NaN"),"NaN") -> NaN | EO2: =IFERROR(IF(BT2<AK2,BT2*-1+AK2,"NaN"),"NaN") -> 46910.855 | EP2: =IFERROR(IF(BU2<AL2,BU2*-1+AL2,"NaN"),"NaN") -> NaN | EQ2: =IFERROR(IF(BV2<AM2,BV2*-1+AM2,"NaN"),"NaN") -> NaN | ER2: =IFERROR(IF(BW2<AP2,BW2*-1+AP2,"NaN"),"NaN") -> NaN | ES2: =IFERROR(IF(BX2<AS2,BX2*-1+AS2,"NaN"),"NaN") -> NaN | ET2: =IFERROR(IF(BY2<AU2,BY2*-1+AU2,"NaN"),"NaN") -> NaN | EU2: =IFERROR(IF(BZ2<AV2,BZ2*-1+AV2,"NaN"),"NaN") -> NaN | EV2: =IFERROR(IF(CA2<AY2,CA2*-1+AY2,"NaN"),"NaN") -> 2.1385137 | EW2: =IFERROR(IF(CB2<AZ2,CB2*-1+AZ2,"NaN"),"NaN") -> 0.027918244 | EX2: =IFERROR(IF(CC2<BB2,CC2*-1+BB2,"NaN"),"NaN") -> NaN | EY2: =IFERROR(IF(CD2<BC2,CD2*-1+BC2,"NaN"),"NaN") -> NaN
A3: 18865 | B3: 3S | C3: 3 | D3: S | E3: -4670.7273 | F3: -67.0041 | G3: -100.035 | H3: 527.7803 | I3: 37.272727 | J3: 1.0782361 | K3: NaN | L3: 23.015738 | M3: 43.744499 | N3: 30.401286 | O3: 1.0136987 | P3: NaN | Q3: 38.648669 | R3: 34.578959 | S3: NaN | T3: NaN | U3: NaN | V3: 0.05198738 | W3: NaN | X3: NaN | Y3: 19.72447 | Z3: 21.220681 | AA3: NaN | AB3: NaN | AC3: NaN | AD3: 28.507326 | AE3: NaN | AF3: 26.803599 | AG3: NaN | AH3: NaN | AI3: NaN | AJ3: 2.2554 | AK3: 42475.98 | AL3: 0.37180335 | AM3: NaN | AN3: NaN | AO3: NaN | AP3: NaN | AQ3: NaN | AR3: NaN | AS3: 771.66824 | AT3: NaN | AU3: NaN | AV3: 8.541602 | AW3: NaN | AX3: 0.1502803 | AY3: 3.392432 | AZ3: 0.04156313 | BA3: NaN | BB3: NaN | BC3: 285.06957 | BD3: 0.21064386 | BE3: 0.058940512 | BF3: 54.952179 | BG3: 26.35533 | BH3: 2.268208 | BI3: 27.778827 | BJ3: 0.020605318 | BK3: 12.257548 | BL3: 4.4850702 | BM3: 4.470178 | BN3: NaN | BO3: NaN | BP3: NaN | BQ3: 0.003120626 | BR3: NaN | BS3: NaN | BT3: 183.45276 | BU3: 183.30957 | BV3: NaN | BW3: NaN | BX3: NaN | BY3: 27.61662 | BZ3: NaN | CA3: 4.9911342 | CB3: 0.64109269 | CC3: NaN | CD3: NaN | CE3: NaN | CF3: 4484.9978 | CG3: 0.24538287 | CH3: NaN | CI3: 0.66143956 | CJ3: 0.001895377 | CK3: NaN | CL3: NaN | CM3: 0.043430668 | CN3: 63.063893 | CO3: NaN | CP3: NaN | CQ3: 29.892612 | CR3: NaN | CS3: 0.083748019 | CT3: 2.1044596 | CU3: NaN | CV3: NaN | CW3: NaN | CX3: 43.967836 | CY3: NaN | CZ3: 1.3317043 | DA3: 120.10116 | DB3: 6.2057994 | DC3: 39.993982 | DD3: 0.041781813 | DE3: 0.93839121 | DF3: NaN | DG3: 28.403066 | DH3: 19.307289 | DI3: 17.776771 | DJ3: 0.027533772 | DK3: 25.897353 | DL3: NaN | DM3: 0.017091618 | DN3: 11.951371 | DO3: 42155.18 | DP3: 0.13304428 | DQ3: 0.0030857964 | DR3: 0.016740781 | DS3: 584.5275 | DT3: 0.0037896257 | DU3: NaN | DV3: 8.9220106 | DW3: 0.17559497 | DX3: 0.011488935 | DY3: 354.93548 | DZ3: =IFERROR(IF(BE3<J3,BE3*-1+J3,"NaN"),"NaN") -> 1.0192956 | EA3: =IFERROR(IF(BF3<K3,BF3*-1+K3,"NaN"),"NaN") -> NaN | EB3: =IFERROR(IF(BG3<L3,BG3*-1+L3,"NaN"),"NaN") -> NaN | EC3: =IFERROR(IF(BH3<M3,BH3*-1+M3,"NaN"),"NaN") -> 41.476291 | ED3: =IFERROR(IF(BI3<N3,BI3*-1+N3,"NaN"),"NaN") -> 2.622459 | EE3: =IFERROR(IF(BJ3<O3,BJ3*-1+O3,"NaN"),"NaN") -> 0.99309342 | EF3: =IFERROR(IF(BK3<P3,BK3*-1+P3,"NaN"),"NaN") -> NaN | EG3: =IFERROR(IF(BL3<R3,BL3*-1+R3,"NaN"),"NaN") -> 30.093889 | EH3: =IFERROR(IF(BM3<Y3,BM3*-1+Y3,"NaN"),"NaN") -> 15.254292 | EI3: =IFERROR(IF(BN3<Z3,BN3*-1+Z3,"NaN"),"NaN") -> NaN | EJ3: =IFERROR(IF(BO3<AD3,BO3*-1+AD3,"NaN"),"NaN") -> NaN | EK3: =IFERROR(IF(BP3<AF3,BP3*-1+AF3,"NaN"),"NaN") -> NaN | EL3: =IFERROR(IF(BQ3<AG3,BQ3*-1+AG3,"NaN"),"NaN") -> NaN | EM3: =IFERROR(IF(BR3<AI3,BR3*-1+AI3,"NaN"),"NaN") -> NaN | EN3: =IFERROR(IF(BS3<AJ3,BS3*-1+AJ3,"NaN"),"NaN") -> NaN | EO3: =IFERROR(IF(BT3<AK3,BT3*-1+AK3,"NaN"),"NaN") -> 42292.527 | EP3: =IFERROR(IF(BU3<AL3,BU3*-1+AL3,"NaN"),"NaN") -> NaN | EQ3: =IFERROR(IF(BV3<AM3,BV3*-1+AM3,"NaN"),"NaN") -> NaN | ER3: =IFERROR(IF(BW3<AP3,BW3*-1+AP3,"NaN"),"NaN") -> NaN | ES3: =IFERROR(IF(BX3<AS3,BX3*-1+AS3,"NaN"),"NaN") -> NaN | ET3: =IFERROR(IF(BY3<AU3,BY3*-1+AU3,"NaN"),"NaN") -> NaN | EU3: =IFERROR(IF(BZ3<AV3,BZ3*-1+AV3,"NaN"),"NaN") -> NaN | EV3: =IFERROR(IF(CA3<AY3,CA3*-1+AY3,"NaN"),"NaN") -> NaN | EW3: =IFERROR(IF(CB3<AZ3,CB3*-1+AZ3,"NaN"),"NaN") -> NaN | EX3: =IFERROR(IF(CC3<BB3,CC3*-1+BB3,"NaN"),"NaN") -> NaN | EY3: =IFERROR(IF(CD3<BC3,CD3*-1+BC3,"NaN"),"NaN") -> NaN
A4: 18866 | B4: 3S | C4: 3 | D4: S | E4: -4644.6364 | F4: -67.0041 | G4: -100.035 | H4: 527.7803 | I4: 63.363636 | J4: NaN | K4: NaN | L4: NaN | M4: 119.87865 | N4: 144.25007 | O4: NaN | P4: NaN | Q4: NaN | R4: NaN | S4: NaN | T4: NaN | U4: NaN | V4: 10.189654 | W4: NaN | X4: NaN | Y4: 6479.6536 | Z4: 6601.7823 | AA4: NaN | AB4: NaN | AC4: NaN | AD4: 86.501968 | AE4: NaN | AF4: 122.78202 | AG4: NaN | AH4: NaN | AI4: NaN | AJ4: NaN | AK4: 114494.9 | AL4: 97.871571 | AM4: NaN | AN4: NaN | AO4: NaN | AP4: NaN | AQ4: NaN | AR4: NaN | AS4: NaN | AT4: NaN | AU4: NaN | AV4: 2774.2481 | AW4: NaN | AX4: NaN | AY4: NaN | AZ4: NaN | BA4: NaN | BB4: NaN | BC4: 310.83696 | BD4: 195.21015 | BE4: NaN | BF4: NaN | BG4: 175.44881 | BH4: 11.739964 | BI4: 194.36533 | BJ4: NaN | BK4: 675.2867 | BL4: 29.186938 | BM4: 30.832293 | BN4: NaN | BO4: NaN | BP4: NaN | BQ4: 0.098081619 | BR4: NaN | BS4: NaN | BT4: 2840.43 | BU4: 2936.0369 | BV4: NaN | BW4: NaN | BX4: NaN | BY4: 197.16547 | BZ4: NaN | CA4: 1.2563588 | CB4: 3.3771965 | CC4: NaN | CD4: NaN | CE4: NaN | CF4: 18685.506 | CG4: 2.395684 | CH4: NaN | CI4: NaN | CJ4: 0.11168629 | CK4: NaN | CL4: NaN | CM4: 2.1155095 | CN4: NaN | CO4: NaN | CP4: NaN | CQ4: 220.44894 | CR4: NaN | CS4: 0.13468871 | CT4: NaN | CU4: NaN | CV4: NaN | CW4: NaN | CX4: 1749.0595 | CY4: NaN | CZ4: NaN | DA4: NaN | DB4: NaN | DC4: NaN | DD4: NaN | DE4: NaN | DF4: NaN | DG4: NaN | DH4: NaN | DI4: NaN | DJ4: NaN | DK4: NaN | DL4: NaN | DM4: NaN | DN4: NaN | DO4: NaN | DP4: NaN | DQ4: NaN | DR4: NaN | DS4: NaN | DT4: NaN | DU4: NaN | DV4: NaN | DW4: NaN | DX4: NaN | DY4: NaN | DZ4: =IFERROR(IF(BE4<J4,BE4*-1+J4,"NaN"),"NaN") -> NaN | EA4: =IFERROR(IF(BF4<K4,BF4*-1+K4,"NaN"),"NaN") -> NaN | EB4: =IFERROR(IF(BG4<L4,BG4*-1+L4,"NaN"),"NaN") -> NaN | EC4: =IFERROR(IF(BH4<M4,BH4*-1+M4,"NaN"),"NaN") -> 108.13869 | ED4: =IFERROR(IF(BI4<N4,BI4*-1+N4,"NaN"),"NaN") -> NaN | EE4: =IFERROR(IF(BJ4<O4,BJ4*-1+O4,"NaN"),"NaN") -> NaN | EF4: =IFERROR(IF(BK4<P4,BK4*-1+P4,"NaN"),"NaN") -> NaN | EG4: =IFERROR(IF(BL4<R4,BL4*-1+R4,"NaN"),"NaN") -> NaN | EH4: =IFERROR(IF(BM4<Y4,BM4*-1+Y4,"NaN"),"NaN") -> 6448.8213 | EI4: =IFERROR(IF(BN4<Z4,BN4*-1+Z4,"NaN"),"NaN") -> NaN | EJ4: =IFERROR(IF(BO4<AD4,BO4*-1+AD4,"NaN"),"NaN") -> NaN | EK4: =IFERROR(IF(BP4<AF4,BP4*-1+AF4,"NaN"),"NaN") -> NaN | EL4: =IFERROR(IF(BQ4<AG4,BQ4*-1+AG4,"NaN"),"NaN") -> NaN | EM4: =IFERROR(IF(BR4<AI4,BR4*-1+AI4,"NaN"),"NaN") -> NaN | EN4: =IFERROR(IF(BS4<AJ4,BS4*-1+AJ4,"NaN"),"NaN") -> NaN | EO4: =IFERROR(IF(BT4<AK4,BT4*-1+AK4,"NaN"),"NaN") -> 111654.47 | EP4: =IFERROR(IF(BU4<AL4,BU4*-1+AL4,"NaN"),"NaN") -> NaN | EQ4: =IFERROR(IF(BV4<AM4,BV4*-1+AM4,"NaN"),"NaN") -> NaN | ER4: =IFERROR(IF(BW4<AP4,BW4*-1+AP4,"NaN"),"NaN") -> NaN | ES4: =IFERROR(IF(BX4<AS4,BX4*-1+AS4,"NaN"),"NaN") -> NaN | ET4: =IFERROR(IF(BY4<AU4,BY4*-1+AU4,"NaN"),"NaN") -> NaN | EU4: =IFERROR(IF(BZ4<AV4,BZ4*-1+AV4,"NaN"),"NaN") -> NaN | EV4: =IFERROR(IF(CA4<AY4,CA4*-1+AY4,"NaN"),"NaN") -> NaN | EW4: =IFERROR(IF(CB4<AZ4,CB4*-1+AZ4,"NaN"),"NaN") -> NaN | EX4: =IFERROR(IF(CC4<BB4,CC4*-1+BB4,"NaN"),"NaN") -> NaN | EY4: =IFERROR(IF(CD4<BC4,CD4*-1+BC4,"NaN"),"NaN") -> NaN
A5: 18867 | B5: 3S | C5: 3 | D5: S | E5: -4577.5455 | F5: -67.0041 | G5: -100.035 | H5: 527.7803 | I5: 130.45455 | J5: 0.39508768 | K5: NaN | L5: 128.62679 | M5: 7.8734661 | N5: 173.75208 | O5: 0.2542123 | P5: NaN | Q5: 47.30637 | R5: 42.888868 | S5: NaN | T5: NaN | U5: NaN | V5: 0.043745652 | W5: NaN | X5: NaN | Y5: 39.814972 | Z5: 42.528799 | AA5: NaN | AB5: NaN | AC5: NaN | AD5: 163.90874 | AE5: NaN | AF5: 8.2348219 | AG5: NaN | AH5: NaN | AI5: NaN | AJ5: 0.24604635 | AK5: 5721.2146 | AL5: 0.16106429 | AM5: 0.008326906 | AN5: NaN | AO5: NaN | AP5: NaN | AQ5: NaN | AR5: NaN | AS5: 120.58804 | AT5: NaN | AU5: NaN | AV5: 10.499317 | AW5: NaN | AX5: NaN | AY5: 0.98813733 | AZ5: 0.011314392 | BA5: NaN | BB5: NaN | BC5: 53.684035 | BD5: NaN | BE5: NaN | BF5: 12.790096 | BG5: 0.97334429 | BH5: 0.057666823 | BI5: 1.0790896 | BJ5: NaN | BK5: 4.0552484 | BL5: 17.334107 | BM5: 17.402139 | BN5: NaN | BO5: NaN | BP5: NaN | BQ5: 0.000366283 | BR5: NaN | BS5: NaN | BT5: 16.32832 | BU5: 17.182373 | BV5: NaN | BW5: NaN | BX5: NaN | BY5: 1.0591505 | BZ5: NaN | CA5: 0.068441642 | CB5: 0.010160315 | CC5: NaN | CD5: NaN | CE5: NaN | CF5: 119.47259 | CG5: 0.025065054 | CH5: NaN | CI5: NaN | CJ5: 0.00088301 | CK5: NaN | CL5: NaN | CM5: 0.011846369 | CN5: NaN | CO5: NaN | CP5: NaN | CQ5: 1.2644944 | CR5: NaN | CS5: 0.001019936 | CT5: 0.006789339 | CU5: NaN | CV5: NaN | CW5: NaN | CX5: 6.1359608 | CY5: NaN | CZ5: 0.49667481 | DA5: 54.439799 | DB5: 34.222612 | DC5: 6.8902262 | DD5: 0.014144185 | DE5: 0.21146571 | DF5: NaN | DG5: 139.35003 | DH5: 36.837263 | DI5: 36.974017 | DJ5: 0.060175971 | DK5: 5.1715697 | DL5: NaN | DM5: 0.018427635 | DN5: 4.2917765 | DO5: 4619.1963 | DP5: 0.054313353 | DQ5: 0.003221613 | DR5: 0.00052969035 | DS5: 73.379323 | DT5: 0.0011714347 | DU5: NaN | DV5: 3.4957403 | DW5: 0.11142582 | DX5: 0.0052240816 | DY5: 61.861512 | DZ5: =IFERROR(IF(BE5<J5,BE5*-1+J5,"NaN"),"NaN") -> NaN | EA5: =IFERROR(IF(BF5<K5,BF5*-1+K5,"NaN"),"NaN") -> NaN | EB5: =IFERROR(IF(BG5<L5,BG5*-1+L5,"NaN"),"NaN") -> 127.65345 | EC5: =IFERROR(IF(BH5<M5,BH5*-1+M5,"NaN"),"NaN") -> 7.8157992 | ED5: =IFERROR(IF(BI5<N5,BI5*-1+N5,"NaN"),"NaN") -> 172.673 | EE5: =IFERROR(IF(BJ5<O5,BJ5*-1+O5,"NaN"),"NaN") -> NaN | EF5: =IFERROR(IF(BK5<P5,BK5*-1+P5,"NaN"),"NaN") -> NaN | EG5: =IFERROR(IF(BL5<R5,BL5*-1+R5,"NaN"),"NaN") -> 25.554761 | EH5: =IFERROR(IF(BM5<Y5,BM5*-1+Y5,"NaN"),"NaN") -> 22.412834 | EI5: =IFERROR(IF(BN5<Z5,BN5*-1+Z5,"NaN"),"NaN") -> NaN | EJ5: =IFERROR(IF(BO5<AD5,BO5*-1+AD5,"NaN"),"NaN") -> NaN | EK5: =IFERROR(IF(BP5<AF5,BP5*-1+AF5,"NaN"),"NaN") -> NaN | EL5: =IFERROR(IF(BQ5<AG5,BQ5*-1+AG5,"NaN"),"NaN") -> NaN | EM5: =IFERROR(IF(BR5<AI5,BR5*-1+AI5,"NaN"),"NaN") -> NaN | EN5: =IFERROR(IF(BS5<AJ5,BS5*-1+AJ5,"NaN"),"NaN") -> NaN | EO5: =IFERROR(IF(BT5<AK5,BT5*-1+AK5,"NaN"),"NaN") -> 5704.8862 | EP5: =IFERROR(IF(BU5<AL5,BU5*-1+AL5,"NaN"),"NaN") -> NaN | EQ5: =IFERROR(IF(BV5<AM5,BV5*-1+AM5,"NaN"),"NaN") -> NaN | ER5: =IFERROR(IF(BW5<AP5,BW5*-1+AP5,"NaN"),"NaN") -> NaN | ES5: =IFERROR(IF(BX5<AS5,BX5*-1+AS5,"NaN"),"NaN") -> NaN | ET5: =IFERROR(IF(BY5<AU5,BY5*-1+AU5,"NaN"),"NaN") -> NaN | EU5: =IFERROR(IF(BZ5<AV5,BZ5*-1+AV5,"NaN"),"NaN") -> NaN | EV5: =IFERROR(IF(CA5<AY5,CA5*-1+AY5,"NaN"),"NaN") -> 0.91969569 | EW5: =IFERROR(IF(CB5<AZ5,CB5*-1+AZ5,"NaN"),"NaN") -> 0.001154077 | EX5: =IFERROR(IF(CC5<BB5,CC5*-1+BB5,"NaN"),"NaN") -> NaN | EY5: =IFERROR(IF(CD5<BC5,CD5*-1+BC5,"NaN"),"NaN") -> NaN
A6: 18868 | B6: 3S | C6: 3 | D6: S | E6: -4532.8182 | F6: -67.0041 | G6: -100.035 | H6: 527.7803 | I6: 175.18182 | J6: 0.38702747 | K6: NaN | L6: 245.08499 | M6: 5.2316876 | N6: 330.08778 | O6: 0.16645519 | P6: NaN | Q6: 29.501891 | R6: 25.947005 | S6: NaN | T6: NaN | U6: 0.001623345 | V6: 0.011684123 | W6: 0.000237642 | X6: 0.005786821 | Y6: 33.166081 | Z6: 34.636892 | AA6: 0.008149808 | AB6: NaN | AC6: 0.001838812 | AD6: 309.29194 | AE6: 0.002320547 | AF6: 14.56326 | AG6: NaN | AH6: 0.00295332 | AI6: 0.017274557 | AJ6: 3.1936423 | AK6: 2665.4055 | AL6: 0.088409481 | AM6: 0.051114485 | AN6: NaN | AO6: NaN | AP6: NaN | AQ6: 0.001329087 | AR6: 0.01308642 | AS6: 344.40361 | AT6: NaN | AU6: NaN | AV6: 3.3496564 | AW6: 0.000596575 | AX6: 0.029271377 | AY6: 2.9924158 | AZ6: 0.07376047 | BA6: 0.000311456 | BB6: 0.001045679 | BC6: 34.904599 | BD6: 0.002798007 | BE6: 0.001780763 | BF6: 14.14342 | BG6: 8.4670716 | BH6: 0.084495363 | BI6: 8.7445933 | BJ6: NaN | BK6: NaN | BL6: 0.34291497 | BM6: 0.32593101 | BN6: NaN | BO6: NaN | BP6: NaN | BQ6: 0.000146717 | BR6: NaN | BS6: NaN | BT6: 16.490377 | BU6: 15.449061 | BV6: NaN | BW6: NaN | BX6: NaN | BY6: 8.7204709 | BZ6: NaN | CA6: 0.18635272 | CB6: 0.027724954 | CC6: NaN | CD6: NaN | CE6: NaN | CF6: 120.01968 | CG6: 0.008102594 | CH6: NaN | CI6: NaN | CJ6: 0.000152155 | CK6: NaN | CL6: NaN | CM6: 0.003928557 | CN6: 43.791855 | CO6: NaN | CP6: NaN | CQ6: 1.5153723 | CR6: NaN | CS6: 0.003362613 | CT6: 0.10079651 | CU6: NaN | CV6: NaN | CW6: NaN | CX6: 2.2219041 | CY6: 0.00134071 | CZ6: 0.38611656 | DA6: 19.572748 | DB6: 26.818219 | DC6: 4.0107964 | DD6: 0.048470619 | DE6: 0.13981739 | DF6: NaN | DG6: 12.993396 | DH6: 29.170964 | DI6: 28.291292 | DJ6: 0.057274302 | DK6: 13.541021 | DL6: NaN | DM6: 0.024784852 | DN6: 3.3130592 | DO6: 1773.7756 | DP6: 0.050141072 | DQ6: 0.0058779947 | DR6: 0.010983391 | DS6: 156.19704 | DT6: 0.00030667092 | DU6: NaN | DV6: 4.6176169 | DW6: 0.097836146 | DX6: 0.0041472631 | DY6: 25.927914 | DZ6: =IFERROR(IF(BE6<J6,BE6*-1+J6,"NaN"),"NaN") -> 0.38524671 | EA6: =IFERROR(IF(BF6<K6,BF6*-1+K6,"NaN"),"NaN") -> NaN | EB6: =IFERROR(IF(BG6<L6,BG6*-1+L6,"NaN"),"NaN") -> 236.61791 | EC6: =IFERROR(IF(BH6<M6,BH6*-1+M6,"NaN"),"NaN") -> 5.1471923 | ED6: =IFERROR(IF(BI6<N6,BI6*-1+N6,"NaN"),"NaN") -> 321.34319 | EE6: =IFERROR(IF(BJ6<O6,BJ6*-1+O6,"NaN"),"NaN") -> NaN | EF6: =IFERROR(IF(BK6<P6,BK6*-1+P6,"NaN"),"NaN") -> NaN | EG6: =IFERROR(IF(BL6<R6,BL6*-1+R6,"NaN"),"NaN") -> 25.60409 | EH6: =IFERROR(IF(BM6<Y6,BM6*-1+Y6,"NaN"),"NaN") -> 32.84015 | EI6: =IFERROR(IF(BN6<Z6,BN6*-1+Z6,"NaN"),"NaN") -> NaN | EJ6: =IFERROR(IF(BO6<AD6,BO6*-1+AD6,"NaN"),"NaN") -> NaN | EK6: =IFERROR(IF(BP6<AF6,BP6*-1+AF6,"NaN"),"NaN") -> NaN | EL6: =IFERROR(IF(BQ6<AG6,BQ6*-1+AG6,"NaN"),"NaN") -> NaN | EM6: =IFERROR(IF(BR6<AI6,BR6*-1+AI6,"NaN"),"NaN") -> NaN | EN6: =IFERROR(IF(BS6<AJ6,BS6*-1+AJ6,"NaN"),"NaN") -> NaN | EO6: =IFERROR(IF(BT6<AK6,BT6*-1+AK6,"NaN"),"NaN") -> 2648.9151 | EP6: =IFERROR(IF(BU6<AL6,BU6*-1+AL6,"NaN"),"NaN") -> NaN | EQ6: =IFERROR(IF(BV6<AM6,BV6*-1+AM6,"NaN"),"NaN") -> NaN | ER6: =IFERROR(IF(BW6<AP6,BW6*-1+AP6,"NaN"),"NaN") -> NaN | ES6: =IFERROR(IF(BX6<AS6,BX6*-1+AS6,"NaN"),"NaN") -> NaN | ET6: =IFERROR(IF(BY6<AU6,BY6*-1+AU6,"NaN"),"NaN") -> NaN | EU6: =IFERROR(IF(BZ6<AV6,BZ6*-1+AV6,"NaN"),"NaN") -> NaN | EV6: =IFERROR(IF(CA6<AY6,CA6*-1+AY6,"NaN"),"NaN") -> 2.8060631 | EW6: =IFERROR(IF(CB6<AZ6,CB6*-1+AZ6,"NaN"),"NaN") -> 0.046035516 | EX6: =IFERROR(IF(CC6<BB6,CC6*-1+BB6,"NaN"),"NaN") -> NaN | EY6: =IFERROR(IF(CD6<BC6,CD6*-1+BC6,"NaN"),"NaN") -> NaN
A7: 18869 | B7: 3S | C7: 3 | D7: S | E7: -4279.3636 | F7: -67.0041 | G7: -100.035 | H7: 527.7803 | I7: 428.63636 | J7: 0.21130198 | K7: 18.866293 | L7: 229.59025 | M7: 1.129141 | N7: 301.92928 | O7: 0.091336822 | P7: NaN | Q7: 25.128265 | R7: 22.535887 | S7: NaN | T7: NaN | U7: 0.001219173 | V7: 0.013456637 | W7: NaN | X7: 0.003955526 | Y7: 26.125582 | Z7: 26.345303 | AA7: NaN | AB7: NaN | AC7: 0.000334446 | AD7: 288.6933 | AE7: 0.000779856 | AF7: 11.419023 | AG7: NaN | AH7: 0.001324515 | AI7: 0.010875424 | AJ7: 3.1216152 | AK7: 1154.9761 | AL7: 0.040851086 | AM7: 0.024531935 | AN7: NaN | AO7: NaN | AP7: NaN | AQ7: NaN | AR7: 0.004539718 | AS7: 31.968729 | AT7: NaN | AU7: NaN | AV7: 4.5718764 | AW7: NaN | AX7: 0.011837025 | AY7: 0.60163936 | AZ7: 0.055838807 | BA7: NaN | BB7: NaN | BC7: 14.961387 | BD7: 0.000510751 | BE7: 0.011615799 | BF7: 62.221952 | BG7: 18.148515 | BH7: 0.058968661 | BI7: 18.635332 | BJ7: NaN | BK7: 0.32883675 | BL7: 2.3173035 | BM7: 2.2653674 | BN7: NaN | BO7: NaN | BP7: NaN | BQ7: 0.000171997 | BR7: NaN | BS7: 0.000725216 | BT7: 38.421261 | BU7: 38.95653 | BV7: NaN | BW7: NaN | BX7: NaN | BY7: 18.593166 | BZ7: NaN | CA7: 1.058935 | CB7: 0.005797809 | CC7: NaN | CD7: 0.000247952 | CE7: NaN | CF7: 185.48464 | CG7: 0.028196795 | CH7: NaN | CI7: 0.00690831 | CJ7: NaN | CK7: NaN | CL7: NaN | CM7: 0.00421874 | CN7: 56.715972 | CO7: NaN | CP7: NaN | CQ7: 4.8220458 | CR7: NaN | CS7: 0.012332784 | CT7: 0.20948141 | CU7: 0.004818472 | CV7: NaN | CW7: NaN | CX7: 3.9777444 | CY7: 0.008226541 | CZ7: 0.2894558 | DA7: 43.252827 | DB7: 27.584745 | DC7: 1.1835646 | DD7: 0.11003554 | DE7: 0.10791244 | DF7: NaN | DG7: 16.141655 | DH7: 33.434203 | DI7: 34.220782 | DJ7: 0.063753481 | DK7: 15.08941 | DL7: NaN | DM7: 0.038264305 | DN7: 3.7393981 | DO7: 1056.6177 | DP7: 0.039821365 | DQ7: 0.0088616033 | DR7: 0.04454817 | DS7: 203.45431 | DT7: 0.00064009968 | DU7: NaN | DV7: 2.0030716 | DW7: 0.1495659 | DX7: 0.0063274148 | DY7: 13.756796 | DZ7: =IFERROR(IF(BE7<J7,BE7*-1+J7,"NaN"),"NaN") -> 0.19968618 | EA7: =IFERROR(IF(BF7<K7,BF7*-1+K7,"NaN"),"NaN") -> NaN | EB7: =IFERROR(IF(BG7<L7,BG7*-1+L7,"NaN"),"NaN") -> 211.44173 | EC7: =IFERROR(IF(BH7<M7,BH7*-1+M7,"NaN"),"NaN") -> 1.0701724 | ED7: =IFERROR(IF(BI7<N7,BI7*-1+N7,"NaN"),"NaN") -> 283.29395 | EE7: =IFERROR(IF(BJ7<O7,BJ7*-1+O7,"NaN"),"NaN") -> NaN | EF7: =IFERROR(IF(BK7<P7,BK7*-1+P7,"NaN"),"NaN") -> NaN | EG7: =IFERROR(IF(BL7<R7,BL7*-1+R7,"NaN"),"NaN") -> 20.218584 | EH7: =IFERROR(IF(BM7<Y7,BM7*-1+Y7,"NaN"),"NaN") -> 23.860215 | EI7: =IFERROR(IF(BN7<Z7,BN7*-1+Z7,"NaN"),"NaN") -> NaN | EJ7: =IFERROR(IF(BO7<AD7,BO7*-1+AD7,"NaN"),"NaN") -> NaN | EK7: =IFERROR(IF(BP7<AF7,BP7*-1+AF7,"NaN"),"NaN") -> NaN | EL7: =IFERROR(IF(BQ7<AG7,BQ7*-1+AG7,"NaN"),"NaN") -> NaN | EM7: =IFERROR(IF(BR7<AI7,BR7*-1+AI7,"NaN"),"NaN") -> NaN | EN7: =IFERROR(IF(BS7<AJ7,BS7*-1+AJ7,"NaN"),"NaN") -> 3.1208899 | EO7: =IFERROR(IF(BT7<AK7,BT7*-1+AK7,"NaN"),"NaN") -> 1116.5548 | EP7: =IFERROR(IF(BU7<AL7,BU7*-1+AL7,"NaN"),"NaN") -> NaN | EQ7: =IFERROR(IF(BV7<AM7,BV7*-1+AM7,"NaN"),"NaN") -> NaN | ER7: =IFERROR(IF(BW7<AP7,BW7*-1+AP7,"NaN"),"NaN") -> NaN | ES7: =IFERROR(IF(BX7<AS7,BX7*-1+AS7,"NaN"),"NaN") -> NaN | ET7: =IFERROR(IF(BY7<AU7,BY7*-1+AU7,"NaN"),"NaN") -> NaN | EU7: =IFERROR(IF(BZ7<AV7,BZ7*-1+AV7,"NaN"),"NaN") -> NaN | EV7: =IFERROR(IF(CA7<AY7,CA7*-1+AY7,"NaN"),"NaN") -> NaN | EW7: =IFERROR(IF(CB7<AZ7,CB7*-1+AZ7,"NaN"),"NaN") -> 0.050040998 | EX7: =IFERROR(IF(CC7<BB7,CC7*-1+BB7,"NaN"),"NaN") -> NaN | EY7: =IFERROR(IF(CD7<BC7,CD7*-1+BC7,"NaN"),"NaN") -> 14.961139
A8: 18870 | B8: 3S | C8: 3 | D8: S | E8: -4148.9091 | F8: -67.0041 | G8: -100.035 | H8: 527.7803 | I8: 559.09091 | J8: 0.16199394 | K8: 80.876624 | L8: 297.62563 | M8: 0.74651639 | N8: 396.20759 | O8: 0.12349865 | P8: NaN | Q8: 26.039423 | R8: 23.580501 | S8: NaN | T8: NaN | U8: NaN | V8: 0.001758787 | W8: NaN | X8: 0.009222585 | Y8: 39.032517 | Z8: 42.943398 | AA8: NaN | AB8: NaN | AC8: NaN | AD8: 377.80118 | AE8: NaN | AF8: 11.216612 | AG8: NaN | AH8: 0.005554799 | AI8: 0.026641581 | AJ8: 3.5732705 | AK8: 969.78258 | AL8: 0.07422978 | AM8: 0.04904843 | AN8: NaN | AO8: 0.000318266 | AP8: NaN | AQ8: 0.002411707 | AR8: 0.038672516 | AS8: 35.974976 | AT8: NaN | AU8: NaN | AV8: 4.9655704 | AW8: NaN | AX8: 0.010476299 | AY8: 0.79543293 | AZ8: 0.073594899 | BA8: NaN | BB8: NaN | BC8: 15.062454 | BD8: NaN | BE8: 0.014083968 | BF8: 32.522764 | BG8: 17.321572 | BH8: 0.034810067 | BI8: 17.733906 | BJ8: 0.013428581 | BK8: 1.0198043 | BL8: 1.3209644 | BM8: 1.3329441 | BN8: NaN | BO8: NaN | BP8: NaN | BQ8: 0.000444717 | BR8: NaN | BS8: 0.000960023 | BT8: 28.452951 | BU8: 30.001159 | BV8: NaN | BW8: NaN | BX8: NaN | BY8: 17.672857 | BZ8: NaN | CA8: 1.2745754 | CB8: 0.028797789 | CC8: NaN | CD8: 0.002012013 | CE8: 1.8366 | CF8: 125.00227 | CG8: 0.01214386 | CH8: 0.004246246 | CI8: NaN | CJ8: 0.000118497 | CK8: NaN | CL8: NaN | CM8: 0.006870641 | CN8: 42.531257 | CO8: NaN | CP8: NaN | CQ8: 13.904951 | CR8: NaN | CS8: 0.010704694 | CT8: 0.18732335 | CU8: 0.006585948 | CV8: NaN | CW8: NaN | CX8: 16.946735 | CY8: 0.002263208 | CZ8: 0.18553747 | DA8: 54.937263 | DB8: 29.4712 | DC8: 0.65463191 | DD8: 0.073514662 | DE8: 0.10799974 | DF8: 1.7629563 | DG8: 12.408713 | DH8: 48.519124 | DI8: 48.503649 | DJ8: 0.04895262 | DK8: 10.355873 | DL8: NaN | DM8: 0.036929839 | DN8: 3.5138082 | DO8: 670.80539 | DP8: 0.050510108 | DQ8: 0.0079495959 | DR8: 0.030446401 | DS8: 6.7858918 | DT8: 0.00042173185 | DU8: NaN | DV8: 1.3747416 | DW8: 0.12893995 | DX8: 0.0054441708 | DY8: 13.514253 | DZ8: =IFERROR(IF(BE8<J8,BE8*-1+J8,"NaN"),"NaN") -> 0.14790997 | EA8: =IFERROR(IF(BF8<K8,BF8*-1+K8,"NaN"),"NaN") -> 48.35386 | EB8: =IFERROR(IF(BG8<L8,BG8*-1+L8,"NaN"),"NaN") -> 280.30406 | EC8: =IFERROR(IF(BH8<M8,BH8*-1+M8,"NaN"),"NaN") -> 0.71170632 | ED8: =IFERROR(IF(BI8<N8,BI8*-1+N8,"NaN"),"NaN") -> 378.47368 | EE8: =IFERROR(IF(BJ8<O8,BJ8*-1+O8,"NaN"),"NaN") -> 0.11007006 | EF8: =IFERROR(IF(BK8<P8,BK8*-1+P8,"NaN"),"NaN") -> NaN | EG8: =IFERROR(IF(BL8<R8,BL8*-1+R8,"NaN"),"NaN") -> 22.259537 | EH8: =IFERROR(IF(BM8<Y8,BM8*-1+Y8,"NaN"),"NaN") -> 37.699573 | EI8: =IFERROR(IF(BN8<Z8,BN8*-1+Z8,"NaN"),"NaN") -> NaN | EJ8: =IFERROR(IF(BO8<AD8,BO8*-1+AD8,"NaN"),"NaN") -> NaN | EK8: =IFERROR(IF(BP8<AF8,BP8*-1+AF8,"NaN"),"NaN") -> NaN | EL8: =IFERROR(IF(BQ8<AG8,BQ8*-1+AG8,"NaN"),"NaN") -> NaN | EM8: =IFERROR(IF(BR8<AI8,BR8*-1+AI8,"NaN"),"NaN") -> NaN | EN8: =IFERROR(IF(BS8<AJ8,BS8*-1+AJ8,"NaN"),"NaN") -> 3.5723105 | EO8: =IFERROR(IF(BT8<AK8,BT8*-1+AK8,"NaN"),"NaN") -> 941.32963 | EP8: =IFERROR(IF(BU8<AL8,BU8*-1+AL8,"NaN"),"NaN") -> NaN | EQ8: =IFERROR(IF(BV8<AM8,BV8*-1+AM8,"NaN"),"NaN") -> NaN | ER8: =IFERROR(IF(BW8<AP8,BW8*-1+AP8,"NaN"),"NaN") -> NaN | ES8: =IFERROR(IF(BX8<AS8,BX8*-1+AS8,"NaN"),"NaN") -> NaN | ET8: =IFERROR(IF(BY8<AU8,BY8*-1+AU8,"NaN"),"NaN") -> NaN | EU8: =IFERROR(IF(BZ8<AV8,BZ8*-1+AV8,"NaN"),"NaN") -> NaN | EV8: =IFERROR(IF(CA8<AY8,CA8*-1+AY8,"NaN"),"NaN") -> NaN | EW8: =IFERROR(IF(CB8<AZ8,CB8*-1+AZ8,"NaN"),"NaN") -> 0.04479711 | EX8: =IFERROR(IF(CC8<BB8,CC8*-1+BB8,"NaN"),"NaN") -> NaN | EY8: =IFERROR(IF(CD8<BC8,CD8*-1+BC8,"NaN"),"NaN") -> 15.060442
A9: 18871 | B9: 3S | C9: 3 | D9: S | E9: -3776.1818 | F9: -67.0041 | G9: -100.035 | H9: 527.7803 | I9: 931.81818 | J9: 0.086816119 | K9: 1.0414451 | L9: 139.17947 | M9: 0.36010869 | N9: 185.23796 | O9: 0.12397802 | P9: NaN | Q9: 22.228759 | R9: 19.782011 | S9: NaN | T9: NaN | U9: NaN | V9: 0.02230935 | W9: NaN | X9: 0.009413514 | Y9: 24.650541 | Z9: 27.580528 | AA9: NaN | AB9: NaN | AC9: NaN | AD9: 176.04895 | AE9: NaN | AF9: 11.013368 | AG9: NaN | AH9: 0.00094386 | AI9: 0.013091437 | AJ9: 0.47109589 | AK9: 726.28555 | AL9: 0.011229414 | AM9: 0.023915485 | AN9: NaN | AO9: 9.28561e-05 | AP9: NaN | AQ9: NaN | AR9: 0.010265739 | AS9: 15.06813 | AT9: NaN | AU9: NaN | AV9: 4.4043748 | AW9: NaN | AX9: NaN | AY9: 0.2257122 | AZ9: 0.044984061 | BA9: NaN | BB9: NaN | BC9: 9.7332203 | BD9: NaN | BE9: 0.002324284 | BF9: 27.980916 | BG9: 10.506416 | BH9: 0.017553566 | BI9: 10.679385 | BJ9: 0.001227322 | BK9: 0.45966424 | BL9: 1.0015557 | BM9: 0.99455634 | BN9: NaN | BO9: NaN | BP9: NaN | BQ9: 0.000206391 | BR9: NaN | BS9: NaN | BT9: 3.4709644 | BU9: 3.5750007 | BV9: NaN | BW9: NaN | BX9: NaN | BY9: 10.641596 | BZ9: NaN | CA9: 0.65210677 | CB9: 0.024281067 | CC9: NaN | CD9: 0.000521275 | CE9: NaN | CF9: 29.923423 | CG9: 0.005852856 | CH9: 0.002061523 | CI9: NaN | CJ9: 6.56735e-05 | CK9: NaN | CL9: NaN | CM9: 0.006021339 | CN9: 17.935589 | CO9: NaN | CP9: NaN | CQ9: 1.5125939 | CR9: NaN | CS9: 0.005219104 | CT9: 0.053262319 | CU9: 0.002771841 | CV9: NaN | CW9: NaN | CX9: 2.4516738 | CY9: NaN | CZ9: 0.12651395 | DA9: 35.074946 | DB9: 28.842234 | DC9: 0.36556337 | DD9: 0.076859512 | DE9: 0.11421345 | DF9: NaN | DG9: 13.827107 | DH9: 23.856117 | DI9: 24.70458 | DJ9: 0.051989283 | DK9: 12.427411 | DL9: NaN | DM9: 0.036505629 | DN9: 2.0024008 | DO9: 507.01355 | DP9: 0.0069187143 | DQ9: 0.0089007157 | DR9: 0.011884101 | DS9: NaN | DT9: 0.00050601446 | DU9: NaN | DV9: 0.56107036 | DW9: 0.11431528 | DX9: 0.0048654499 | DY9: 7.0169213 | DZ9: =IFERROR(IF(BE9<J9,BE9*-1+J9,"NaN"),"NaN") -> 0.084491835 | EA9: =IFERROR(IF(BF9<K9,BF9*-1+K9,"NaN"),"NaN") -> NaN | EB9: =IFERROR(IF(BG9<L9,BG9*-1+L9,"NaN"),"NaN") -> 128.67306 | EC9: =IFERROR(IF(BH9<M9,BH9*-1+M9,"NaN"),"NaN") -> 0.34255512 | ED9: =IFERROR(IF(BI9<N9,BI9*-1+N9,"NaN"),"NaN") -> 174.55857 | EE9: =IFERROR(IF(BJ9<O9,BJ9*-1+O9,"NaN"),"NaN") -> 0.1227507 | EF9: =IFERROR(IF(BK9<P9,BK9*-1+P9,"NaN"),"NaN") -> NaN | EG9: =IFERROR(IF(BL9<R9,BL9*-1+R9,"NaN"),"NaN") -> 18.780455 | EH9: =IFERROR(IF(BM9<Y9,BM9*-1+Y9,"NaN"),"NaN") -> 23.655985 | EI9: =IFERROR(IF(BN9<Z9,BN9*-1+Z9,"NaN"),"NaN") -> NaN | EJ9: =IFERROR(IF(BO9<AD9,BO9*-1+AD9,"NaN"),"NaN") -> NaN | EK9: =IFERROR(IF(BP9<AF9,BP9*-1+AF9,"NaN"),"NaN") -> NaN | EL9: =IFERROR(IF(BQ9<AG9,BQ9*-1+AG9,"NaN"),"NaN") -> NaN | EM9: =IFERROR(IF(BR9<AI9,BR9*-1+AI9,"NaN"),"NaN") -> NaN | EN9: =IFERROR(IF(BS9<AJ9,BS9*-1+AJ9,"NaN"),"NaN") -> NaN | EO9: =IFERROR(IF(BT9<AK9,BT9*-1+AK9,"NaN"),"NaN") -> 722.81459 | EP9: =IFERROR(IF(BU9<AL9,BU9*-1+AL9,"NaN"),"NaN") -> NaN | EQ9: =IFERROR(IF(BV9<AM9,BV9*-1+AM9,"NaN"),"NaN") -> NaN | ER9: =IFERROR(IF(BW9<AP9,BW9*-1+AP9,"NaN"),"NaN") -> NaN | ES9: =IFERROR(IF(BX9<AS9,BX9*-1+AS9,"NaN"),"NaN") -> NaN | ET9: =IFERROR(IF(BY9<AU9,BY9*-1+AU9,"NaN"),"NaN") -> NaN | EU9: =IFERROR(IF(BZ9<AV9,BZ9*-1+AV9,"NaN"),"NaN") -> NaN | EV9: =IFERROR(IF(CA9<AY9,CA9*-1+AY9,"NaN"),"NaN") -> NaN | EW9: =IFERROR(IF(CB9<AZ9,CB9*-1+AZ9,"NaN"),"NaN") -> 0.020702994 | EX9: =IFERROR(IF(CC9<BB9,CC9*-1+BB9,"NaN"),"NaN") -> NaN | EY9: =IFERROR(IF(CD9<BC9,CD9*-1+BC9,"NaN"),"NaN") -> 9.7326991
A10: 18930 | B10: 3D | C10: 3 | D10: D | E10: -2977.33 | F10: -67.0041 | G10: -100.035 | H10: 527.7803 | I10: 1730.67 | J10: 0.067364007 | K10: 68.999432 | L10: 110.74491 | M10: 0.18080983 | N10: 145.57622 | O10: 0.20755867 | P10: 4.125055 | Q10: 27.143283 | R10: 24.697306 | S10: NaN | T10: NaN | U10: NaN | V10: 0.013500055 | W10: NaN | X10: 0.003329927 | Y10: 40.557004 | Z10: 43.353976 | AA10: NaN | AB10: NaN | AC10: 0.000383981 | AD10: 138.89823 | AE10: NaN | AF10: 32.86918 | AG10: NaN | AH10: 0.002478506 | AI10: 0.018132688 | AJ10: 0.87251356 | AK10: 687.64046 | AL10: 0.13245456 | AM10: 0.027536781 | AN10: NaN | AO10: NaN | AP10: NaN | AQ10: NaN | AR10: NaN | AS10: NaN | AT10: NaN | AU10: NaN | AV10: 7.5064994 | AW10: NaN | AX10: NaN | AY10: 0.3808594 | AZ10: 0.032001668 | BA10: NaN | BB10: NaN | BC10: 14.315612 | BD10: 0.074433822 | BE10: 0.001894067 | BF10: 520.8887 | BG10: 11.400995 | BH10: 0.008071992 | BI10: 12.65193 | BJ10: 0.028606511 | BK10: 3.560851 | BL10: 1.6420611 | BM10: 1.5913347 | BN10: NaN | BO10: NaN | BP10: NaN | BQ10: NaN | BR10: NaN | BS10: 0.00020634 | BT10: 18.703221 | BU10: 19.370871 | BV10: NaN | BW10: NaN | BX10: NaN | BY10: 12.419005 | BZ10: 8.45978e-05 | CA10: 4.4770409 | CB10: NaN | CC10: 0.000355844 | CD10: 0.002261221 | CE10: NaN | CF10: 22.824995 | CG10: 0.034914417 | CH10: 0.004090859 | CI10: NaN | CJ10: NaN | CK10: NaN | CL10: NaN | CM10: 0.00439277 | CN10: NaN | CO10: NaN | CP10: NaN | CQ10: 3.9437013 | CR10: NaN | CS10: 0.002579835 | CT10: 0.09417008 | CU10: 0.004590652 | CV10: NaN | CW10: NaN | CX10: 5.4097182 | CY10: NaN | CZ10: 0.0099846423 | DA10: 15.454269 | DB10: 0.044432628 | DC10: 0.0088061437 | DD10: 0.00030361637 | DE10: NaN | DF10: NaN | DG10: 2.0710191 | DH10: NaN | DI10: NaN | DJ10: NaN | DK10: NaN | DL10: NaN | DM10: NaN | DN10: 0.0611028 | DO10: NaN | DP10: NaN | DQ10: NaN | DR10: NaN | DS10: NaN | DT10: NaN | DU10: NaN | DV10: NaN | DW10: NaN | DX10: NaN | DY10: NaN | DZ10: =IFERROR(IF(BE10<J10,BE10*-1+J10,"NaN"),"NaN") -> 0.06546994 | EA10: =IFERROR(IF(BF10<K10,BF10*-1+K10,"NaN"),"NaN") -> NaN | EB10: =IFERROR(IF(BG10<L10,BG10*-1+L10,"NaN"),"NaN") -> 99.343916 | EC10: =IFERROR(IF(BH10<M10,BH10*-1+M10,"NaN"),"NaN") -> 0.17273784 | ED10: =IFERROR(IF(BI10<N10,BI10*-1+N10,"NaN"),"NaN") -> 132.92429 | EE10: =IFERROR(IF(BJ10<O10,BJ10*-1+O10,"NaN"),"NaN") -> 0.17895216 | EF10: =IFERROR(IF(BK10<P10,BK10*-1+P10,"NaN"),"NaN") -> 0.56420396 | EG10: =IFERROR(IF(BL10<R10,BL10*-1+R10,"NaN"),"NaN") -> 23.055245 | EH10: =IFERROR(IF(BM10<Y10,BM10*-1+Y10,"NaN"),"NaN") -> 38.965669 | EI10: =IFERROR(IF(BN10<Z10,BN10*-1+Z10,"NaN"),"NaN") -> NaN | EJ10: =IFERROR(IF(BO10<AD10,BO10*-1+AD10,"NaN"),"NaN") -> NaN | EK10: =IFERROR(IF(BP10<AF10,BP10*-1+AF10,"NaN"),"NaN") -> NaN | EL10: =IFERROR(IF(BQ10<AG10,BQ10*-1+AG10,"NaN"),"NaN") -> NaN | EM10: =IFERROR(IF(BR10<AI10,BR10*-1+AI10,"NaN"),"NaN") -> NaN | EN10: =IFERROR(IF(BS10<AJ10,BS10*-1+AJ10,"NaN"),"NaN") -> 0.87230722 | EO10: =IFERROR(IF(BT10<AK10,BT10*-1+AK10,"NaN"),"NaN") -> 668.93723 | EP10: =IFERROR(IF(BU10<AL10,BU10*-1+AL10,"NaN"),"NaN") -> NaN | EQ10: =IFERROR(IF(BV10<AM10,BV10*-1+AM10,"NaN"),"NaN") -> NaN | ER10: =IFERROR(IF(BW10<AP10,BW10*-1+AP10,"NaN"),"NaN") -> NaN | ES10: =IFERROR(IF(BX10<AS10,BX10*-1+AS10,"NaN"),"NaN") -> NaN | ET10: =IFERROR(IF(BY10<AU10,BY10*-1+AU10,"NaN"),"NaN") -> NaN | EU10: =IFERROR(IF(BZ10<AV10,BZ10*-1+AV10,"NaN"),"NaN") -> 7.5064148 | EV10: =IFERROR(IF(CA10<AY10,CA10*-1+AY10,"NaN"),"NaN") -> NaN | EW10: =IFERROR(IF(CB10<AZ10,CB10*-1+AZ10,"NaN"),"NaN") -> NaN | EX10: =IFERROR(IF(CC10<BB10,CC10*-1+BB10,"NaN"),"NaN") -> NaN | EY10: =IFERROR(IF(CD10<BC10,CD10*-1+BC10,"NaN"),"NaN") -> 14.313351
A11: 18931 | B11: 3D | C11: 3 | D11: D | E11: -2256.21 | F11: -67.0041 | G11: -100.035 | H11: 527.7803 | I11: 2451.79 | J11: 0.055731673 | K11: 33.013254 | L11: 65.49264 | M11: 0.10911368 | N11: 86.949147 | O11: 0.24016339 | P11: 0.39106078 | Q11: 21.488928 | R11: 19.604171 | S11: NaN | T11: NaN | U11: NaN | V11: 0.018977929 | W11: NaN | X11: 0.009843399 | Y11: 45.596635 | Z11: 48.521792 | AA11: NaN | AB11: NaN | AC11: 0.000840688 | AD11: 82.346231 | AE11: NaN | AF11: 61.536128 | AG11: NaN | AH11: 0.004387792 | AI11: 0.022579496 | AJ11: 0.29740798 | AK11: 586.05045 | AL11: 0.15507977 | AM11: 0.031443294 | AN11: NaN | AO11: 0.000230504 | AP11: NaN | AQ11: 0.003228429 | AR11: 0.049168207 | AS11: 188.79126 | AT11: NaN | AU11: NaN | AV11: 13.822923 | AW11: NaN | AX11: 0.003845735 | AY11: 0.23362047 | AZ11: 0.030965367 | BA11: NaN | BB11: NaN | BC11: 13.767233 | BD11: NaN | BE11: 0.001963639 | BF11: 250.80475 | BG11: 9.6382024 | BH11: 0.012529844 | BI11: 10.030616 | BJ11: 0.042250881 | BK11: 1.9464009 | BL11: 1.8445145 | BM11: 1.898889 | BN11: NaN | BO11: NaN | BP11: NaN | BQ11: NaN | BR11: NaN | BS11: 0.000361996 | BT11: 18.651603 | BU11: 18.807828 | BV11: NaN | BW11: NaN | BX11: NaN | BY11: 9.9345821 | BZ11: NaN | CA11: 11.704068 | CB11: 0.003031398 | CC11: 0.000785139 | CD11: 0.004444019 | CE11: NaN | CF11: 35.98738 | CG11: 0.031284675 | CH11: 0.0056431 | CI11: NaN | CJ11: NaN | CK11: NaN | CL11: NaN | CM11: 0.005938096 | CN11: 0.15346133 | CO11: NaN | CP11: NaN | CQ11: 3.0439288 | CR11: NaN | CS11: 0.004465736 | CT11: 0.13498055 | CU11: 0.005968306 | CV11: NaN | CW11: NaN | CX11: 2.0215175 | CY11: NaN | CZ11: 0.038248008 | DA11: 41.791215 | DB11: 10.087717 | DC11: 0.10429726 | DD11: 0.15738726 | DE11: 0.20816681 | DF11: 1.6393462 | DG11: 11.165313 | DH11: 87.739546 | DI11: 87.97648 | DJ11: 0.066727967 | DK11: 59.488312 | DL11: 0.53551541 | DM11: 0.051587869 | DN11: 1.0440485 | DO11: 427.84325 | DP11: 0.10650916 | DQ11: 0.012919443 | DR11: 0.016129058 | DS11: 143.71515 | DT11: 0.0013015003 | DU11: 0.14019032 | DV11: 1.0659745 | DW11: 0.095689964 | DX11: 0.0039501173 | DY11: 4.7999406 | DZ11: =IFERROR(IF(BE11<J11,BE11*-1+J11,"NaN"),"NaN") -> 0.053768034 | EA11: =IFERROR(IF(BF11<K11,BF11*-1+K11,"NaN"),"NaN") -> NaN | EB11: =IFERROR(IF(BG11<L11,BG11*-1+L11,"NaN"),"NaN") -> 55.854438 | EC11: =IFERROR(IF(BH11<M11,BH11*-1+M11,"NaN"),"NaN") -> 0.09658384 | ED11: =IFERROR(IF(BI11<N11,BI11*-1+N11,"NaN"),"NaN") -> 76.91853 | EE11: =IFERROR(IF(BJ11<O11,BJ11*-1+O11,"NaN"),"NaN") -> 0.19791251 | EF11: =IFERROR(IF(BK11<P11,BK11*-1+P11,"NaN"),"NaN") -> NaN | EG11: =IFERROR(IF(BL11<R11,BL11*-1+R11,"NaN"),"NaN") -> 17.759657 | EH11: =IFERROR(IF(BM11<Y11,BM11*-1+Y11,"NaN"),"NaN") -> 43.697746 | EI11: =IFERROR(IF(BN11<Z11,BN11*-1+Z11,"NaN"),"NaN") -> NaN | EJ11: =IFERROR(IF(BO11<AD11,BO11*-1+AD11,"NaN"),"NaN") -> NaN | EK11: =IFERROR(IF(BP11<AF11,BP11*-1+AF11,"NaN"),"NaN") -> NaN | EL11: =IFERROR(IF(BQ11<AG11,BQ11*-1+AG11,"NaN"),"NaN") -> NaN | EM11: =IFERROR(IF(BR11<AI11,BR11*-1+AI11,"NaN"),"NaN") -> NaN | EN11: =IFERROR(IF(BS11<AJ11,BS11*-1+AJ11,"NaN"),"NaN") -> 0.29704599 | EO11: =IFERROR(IF(BT11<AK11,BT11*-1+AK11,"NaN"),"NaN") -> 567.39884 | EP11: =IFERROR(IF(BU11<AL11,BU11*-1+AL11,"NaN"),"NaN") -> NaN | EQ11: =IFERROR(IF(BV11<AM11,BV11*-1+AM11,"NaN"),"NaN") -> NaN | ER11: =IFERROR(IF(BW11<AP11,BW11*-1+AP11,"NaN"),"NaN") -> NaN | ES11: =IFERROR(IF(BX11<AS11,BX11*-1+AS11,"NaN"),"NaN") -> NaN | ET11: =IFERROR(IF(BY11<AU11,BY11*-1+AU11,"NaN"),"NaN") -> NaN | EU11: =IFERROR(IF(BZ11<AV11,BZ11*-1+AV11,"NaN"),"NaN") -> NaN | EV11: =IFERROR(IF(CA11<AY11,CA11*-1+AY11,"NaN"),"NaN") -> NaN | EW11: =IFERROR(IF(CB11<AZ11,CB11*-1+AZ11,"NaN"),"NaN") -> 0.027933969 | EX11: =IFERROR(IF(CC11<BB11,CC11*-1+BB11,"NaN"),"NaN") -> NaN | EY11: =IFERROR(IF(CD11<BC11,CD11*-1+BC11,"NaN"),"NaN") -> 13.762788
A12: 18932 | B12: 3D | C12: 3 | D12: D | E12: -1636.05 | F12: -67.0041 | G12: -100.035 | H12: 527.7803 | I12: 3071.95 | J12: 0.035543377 | K12: 5.0633062 | L12: 46.19907 | M12: 0.11371255 | N12: 60.350158 | O12: 0.2733232 | P12: NaN | Q12: 20.449243 | R12: 18.768836 | S12: NaN | T12: NaN | U12: NaN | V12: 0.020092538 | W12: NaN | X12: 0.008237325 | Y12: 25.469669 | Z12: 24.34321 | AA12: NaN | AB12: NaN | AC12: NaN | AD12: 56.884756 | AE12: NaN | AF12: 71.395542 | AG12: NaN | AH12: 0.00156571 | AI12: 0.012065822 | AJ12: NaN | AK12: 559.75981 | AL12: 0.088583928 | AM12: 0.018918786 | AN12: NaN | AO12: 0.000648377 | AP12: NaN | AQ12: 0.000349704 | AR12: 0.048398351 | AS12: 129.0367 | AT12: NaN | AU12: NaN | AV12: 8.2484812 | AW12: NaN | AX12: NaN | AY12: 0.12756633 | AZ12: 0.013343468 | BA12: NaN | BB12: NaN | BC12: 4.2515845 | BD12: NaN | BE12: NaN | BF12: 45.772407 | BG12: 10.393157 | BH12: 0.008512784 | BI12: 10.418767 | BJ12: 0.069524258 | BK12: 1.3825621 | BL12: 2.0182991 | BM12: 2.050949 | BN12: NaN | BO12: NaN | BP12: NaN | BQ12: 0.000231785 | BR12: NaN | BS12: 0.001744505 | BT12: 25.913154 | BU12: 26.898074 | BV12: NaN | BW12: NaN | BX12: NaN | BY12: 10.487747 | BZ12: 2.2291e-06 | CA12: 19.785921 | CB12: NaN | CC12: 0.001752158 | CD12: 0.008582949 | CE12: NaN | CF12: 28.549832 | CG12: 0.04458528 | CH12: 0.009827886 | CI12: NaN | CJ12: NaN | CK12: NaN | CL12: 0.00049498 | CM12: 0.011234529 | CN12: 2.7552013 | CO12: NaN | CP12: NaN | CQ12: 2.9407142 | CR12: NaN | CS12: 0.002474047 | CT12: 0.15676645 | CU12: 0.008205527 | CV12: NaN | CW12: NaN | CX12: 1.6221956 | CY12: NaN | CZ12: 0.041128429 | DA12: 62.572962 | DB12: 10.877631 | DC12: 0.13698293 | DD12: 0.23705542 | DE12: 0.3588277 | DF12: 1.7250752 | DG12: 15.520847 | DH12: 142.28484 | DI12: 141.41531 | DJ12: 0.093361084 | DK12: 104.10252 | DL12: 0.061906761 | DM12: 0.088115006 | DN12: 1.233311 | DO12: 467.61244 | DP12: 0.10509103 | DQ12: 0.021510275 | DR12: 0.033289169 | DS12: 115.71672 | DT12: 0.0029171472 | DU12: 0.45098606 | DV12: 1.5725816 | DW12: 0.14299103 | DX12: 0.0069828822 | DY12: 0.98766758 | DZ12: =IFERROR(IF(BE12<J12,BE12*-1+J12,"NaN"),"NaN") -> NaN | EA12: =IFERROR(IF(BF12<K12,BF12*-1+K12,"NaN"),"NaN") -> NaN | EB12: =IFERROR(IF(BG12<L12,BG12*-1+L12,"NaN"),"NaN") -> 35.805913 | EC12: =IFERROR(IF(BH12<M12,BH12*-1+M12,"NaN"),"NaN") -> 0.10519977 | ED12: =IFERROR(IF(BI12<N12,BI12*-1+N12,"NaN"),"NaN") -> 49.931392 | EE12: =IFERROR(IF(BJ12<O12,BJ12*-1+O12,"NaN"),"NaN") -> 0.20379894 | EF12: =IFERROR(IF(BK12<P12,BK12*-1+P12,"NaN"),"NaN") -> NaN | EG12: =IFERROR(IF(BL12<R12,BL12*-1+R12,"NaN"),"NaN") -> 16.750537 | EH12: =IFERROR(IF(BM12<Y12,BM12*-1+Y12,"NaN"),"NaN") -> 23.41872 | EI12: =IFERROR(IF(BN12<Z12,BN12*-1+Z12,"NaN"),"NaN") -> NaN | EJ12: =IFERROR(IF(BO12<AD12,BO12*-1+AD12,"NaN"),"NaN") -> NaN | EK12: =IFERROR(IF(BP12<AF12,BP12*-1+AF12,"NaN"),"NaN") -> NaN | EL12: =IFERROR(IF(BQ12<AG12,BQ12*-1+AG12,"NaN"),"NaN") -> NaN | EM12: =IFERROR(IF(BR12<AI12,BR12*-1+AI12,"NaN"),"NaN") -> NaN | EN12: =IFERROR(IF(BS12<AJ12,BS12*-1+AJ12,"NaN"),"NaN") -> NaN | EO12: =IFERROR(IF(BT12<AK12,BT12*-1+AK12,"NaN"),"NaN") -> 533.84666 | EP12: =IFERROR(IF(BU12<AL12,BU12*-1+AL12,"NaN"),"NaN") -> NaN | EQ12: =IFERROR(IF(BV12<AM12,BV12*-1+AM12,"NaN"),"NaN") -> NaN | ER12: =IFERROR(IF(BW12<AP12,BW12*-1+AP12,"NaN"),"NaN") -> NaN | ES12: =IFERROR(IF(BX12<AS12,BX12*-1+AS12,"NaN"),"NaN") -> NaN | ET12: =IFERROR(IF(BY12<AU12,BY12*-1+AU12,"NaN"),"NaN") -> NaN | EU12: =IFERROR(IF(BZ12<AV12,BZ12*-1+AV12,"NaN"),"NaN") -> 8.248479 | EV12: =IFERROR(IF(CA12<AY12,CA12*-1+AY12,"NaN"),"NaN") -> NaN | EW12: =IFERROR(IF(CB12<AZ12,CB12*-1+AZ12,"NaN"),"NaN") -> NaN | EX12: =IFERROR(IF(CC12<BB12,CC12*-1+BB12,"NaN"),"NaN") -> NaN | EY12: =IFERROR(IF(CD12<BC12,CD12*-1+BC12,"NaN"),"NaN") -> 4.2430016
A13: 18933 | B13: 3D | C13: 3 | D13: D | E13: -1054.36 | F13: -67.0041 | G13: -100.035 | H13: 527.7803 | I13: 3653.64 | J13: 0.028653292 | K13: 427.9395 | L13: 58.707017 | M13: 0.1042762 | N13: 77.299554 | O13: 0.41240412 | P13: NaN | Q13: 20.756524 | R13: 18.427293 | S13: NaN | T13: 0.000231574 | U13: 0.002712159 | V13: 0.023398924 | W13: NaN | X13: 0.018317804 | Y13: 212.41205 | Z13: 213.3742 | AA13: NaN | AB13: 0.001086501 | AC13: 0.006263626 | AD13: 73.412656 | AE13: 0.00129375 | AF13: 70.362115 | AG13: NaN | AH13: 0.011932334 | AI13: 0.051549293 | AJ13: 0.33693983 | AK13: 477.62309 | AL13: 0.16461807 | AM13: 0.055601392 | AN13: 0.82290841 | AO13: 0.000806113 | AP13: NaN | AQ13: 0.007766446 | AR13: 0.091329164 | AS13: 197.42417 | AT13: NaN | AU13: NaN | AV13: 31.718984 | AW13: 0.001515698 | AX13: 0.017016508 | AY13: 0.83803432 | AZ13: 0.062381648 | BA13: NaN | BB13: 0.000303288 | BC13: 4.4896455 | BD13: NaN | BE13: 0.001254703 | BF13: 140.05092 | BG13: 11.448541 | BH13: 0.052835107 | BI13: 11.553824 | BJ13: 0.089438649 | BK13: 1.5422646 | BL13: 2.4902198 | BM13: 2.4492932 | BN13: NaN | BO13: NaN | BP13: NaN | BQ13: 0.000739633 | BR13: NaN | BS13: 0.002732642 | BT13: 68.463226 | BU13: 67.12159 | BV13: NaN | BW13: NaN | BX13: 0.000667903 | BY13: 11.583153 | BZ13: 0.001253576 | CA13: 18.32813 | CB13: 0.022933929 | CC13: 0.003135824 | CD13: 0.012381926 | CE13: NaN | CF13: 41.070443 | CG13: 0.033501986 | CH13: 0.013368822 | CI13: 0.014980495 | CJ13: 0.000143369 | CK13: NaN | CL13: 0.001624158 | CM13: 0.017654718 | CN13: 2.5953289 | CO13: NaN | CP13: 0.000228618 | CQ13: 11.345957 | CR13: 0.000399267 | CS13: 0.003728604 | CT13: 0.26148962 | CU13: 0.079842104 | CV13: 0.000360249 | CW13: 0.000597035 | CX13: 0.66633104 | CY13: 0.089414703 | CZ13: 0.038181402 | DA13: 204.31628 | DB13: 8.6703898 | DC13: 0.10742931 | DD13: 0.25168107 | DE13: 0.38777031 | DF13: NaN | DG13: 14.321736 | DH13: 144.05305 | DI13: 143.63303 | DJ13: 0.087193632 | DK13: 78.779566 | DL13: 0.20547681 | DM13: 0.088719905 | DN13: 1.1281443 | DO13: 443.79898 | DP13: 0.11929171 | DQ13: 0.021992808 | DR13: 0.051841929 | DS13: 205.34358 | DT13: 0.0062220388 | DU13: 1.6953238 | DV13: 1.1613189 | DW13: 0.13355857 | DX13: 0.005866117 | DY13: 5.0152385 | DZ13: =IFERROR(IF(BE13<J13,BE13*-1+J13,"NaN"),"NaN") -> 0.027398589 | EA13: =IFERROR(IF(BF13<K13,BF13*-1+K13,"NaN"),"NaN") -> 287.88859 | EB13: =IFERROR(IF(BG13<L13,BG13*-1+L13,"NaN"),"NaN") -> 47.258477 | EC13: =IFERROR(IF(BH13<M13,BH13*-1+M13,"NaN"),"NaN") -> 0.051441097 | ED13: =IFERROR(IF(BI13<N13,BI13*-1+N13,"NaN"),"NaN") -> 65.74573 | EE13: =IFERROR(IF(BJ13<O13,BJ13*-1+O13,"NaN"),"NaN") -> 0.32296547 | EF13: =IFERROR(IF(BK13<P13,BK13*-1+P13,"NaN"),"NaN") -> NaN | EG13: =IFERROR(IF(BL13<R13,BL13*-1+R13,"NaN"),"NaN") -> 15.937073 | EH13: =IFERROR(IF(BM13<Y13,BM13*-1+Y13,"NaN"),"NaN") -> 209.96276 | EI13: =IFERROR(IF(BN13<Z13,BN13*-1+Z13,"NaN"),"NaN") -> NaN | EJ13: =IFERROR(IF(BO13<AD13,BO13*-1+AD13,"NaN"),"NaN") -> NaN | EK13: =IFERROR(IF(BP13<AF13,BP13*-1+AF13,"NaN"),"NaN") -> NaN | EL13: =IFERROR(IF(BQ13<AG13,BQ13*-1+AG13,"NaN"),"NaN") -> NaN | EM13: =IFERROR(IF(BR13<AI13,BR13*-1+AI13,"NaN"),"NaN") -> NaN | EN13: =IFERROR(IF(BS13<AJ13,BS13*-1+AJ13,"NaN"),"NaN") -> 0.33420719 | EO13: =IFERROR(IF(BT13<AK13,BT13*-1+AK13,"NaN"),"NaN") -> 409.15987 | EP13: =IFERROR(IF(BU13<AL13,BU13*-1+AL13,"NaN"),"NaN") -> NaN | EQ13: =IFERROR(IF(BV13<AM13,BV13*-1+AM13,"NaN"),"NaN") -> NaN | ER13: =IFERROR(IF(BW13<AP13,BW13*-1+AP13,"NaN"),"NaN") -> NaN | ES13: =IFERROR(IF(BX13<AS13,BX13*-1+AS13,"NaN"),"NaN") -> 197.4235 | ET13: =IFERROR(IF(BY13<AU13,BY13*-1+AU13,"NaN"),"NaN") -> NaN | EU13: =IFERROR(IF(BZ13<AV13,BZ13*-1+AV13,"NaN"),"NaN") -> 31.717731 | EV13: =IFERROR(IF(CA13<AY13,CA13*-1+AY13,"NaN"),"NaN") -> NaN | EW13: =IFERROR(IF(CB13<AZ13,CB13*-1+AZ13,"NaN"),"NaN") -> 0.039447719 | EX13: =IFERROR(IF(CC13<BB13,CC13*-1+BB13,"NaN"),"NaN") -> NaN | EY13: =IFERROR(IF(CD13<BC13,CD13*-1+BC13,"NaN"),"NaN") -> 4.4772635
A14: 18934 | B14: 3D | C14: 3 | D14: D | E14: -669.76 | F14: -67.0041 | G14: -100.035 | H14: 527.7803 | I14: 4038.24 | J14: 0.04022877 | K14: 1161.425 | L14: 78.058901 | M14: 0.12497838 | N14: 102.30555 | O14: 0.8286729 | P14: 1.7901191 | Q14: 25.248433 | R14: 22.641859 | S14: NaN | T14: 0.001016069 | U14: 0.002109848 | V14: 0.014237544 | W14: NaN | X14: 0.03878911 | Y14: 489.6867 | Z14: 505.35385 | AA14: NaN | AB14: NaN | AC14: 0.005004114 | AD14: 96.992873 | AE14: NaN | AF14: 102.72842 | AG14: NaN | AH14: 0.031444174 | AI14: 0.12182867 | AJ14: 1.87505 | AK14: 579.2349 | AL14: 0.31050443 | AM14: 0.13686275 | AN14: NaN | AO14: 0.001901931 | AP14: 0.091716355 | AQ14: 0.024527758 | AR14: 0.1778044 | AS14: 152.29928 | AT14: NaN | AU14: 0.003020844 | AV14: 73.130888 | AW14: 0.000229832 | AX14: 0.004022344 | AY14: 1.7569528 | AZ14: 0.11407271 | BA14: NaN | BB14: NaN | BC14: 18.611647 | BD14: 0.15536989 | BE14: 0.002377559 | BF14: 290.32632 | BG14: 8.6851255 | BH14: 0.020971341 | BI14: 8.7461987 | BJ14: 0.1024423 | BK14: 0.54716726 | BL14: 1.9342181 | BM14: 1.9314774 | BN14: NaN | BO14: NaN | BP14: NaN | BQ14: 0.000723567 | BR14: NaN | BS14: 0.003408932 | BT14: 107.19357 | BU14: 106.13443 | BV14: NaN | BW14: NaN | BX14: 0.000595975 | BY14: 8.7762127 | BZ14: 0.000429931 | CA14: 15.894827 | CB14: 0.017618179 | CC14: 0.003296301 | CD14: 0.01404658 | CE14: NaN | CF14: 28.966007 | CG14: 0.033376816 | CH14: 0.016019045 | CI14: 0.073672691 | CJ14: 4.24861e-05 | CK14: NaN | CL14: 0.001916279 | CM14: 0.019075631 | CN14: 27.752821 | CO14: NaN | CP14: 0.00031369 | CQ14: 11.791904 | CR14: NaN | CS14: 0.003281506 | CT14: 0.32466292 | CU14: 0.0186843 | CV14: NaN | CW14: 0.000243982 | CX14: 10.011946 | CY14: NaN | CZ14: 0.037577761 | DA14: 467.66056 | DB14: 9.6793005 | DC14: 0.14919153 | DD14: 0.34575766 | DE14: 0.63224402 | DF14: NaN | DG14: 15.97913 | DH14: 213.6814 | DI14: 212.53353 | DJ14: 0.11721389 | DK14: 96.984188 | DL14: 0.28168503 | DM14: 0.1196935 | DN14: 1.7897181 | DO14: 496.43023 | DP14: 0.16721751 | DQ14: 0.029953603 | DR14: 0.099428022 | DS14: 210.0192 | DT14: 0.01319377 | DU14: 3.6335467 | DV14: 1.2881977 | DW14: 0.15877477 | DX14: 0.0078479115 | DY14: 45.906668 | DZ14: =IFERROR(IF(BE14<J14,BE14*-1+J14,"NaN"),"NaN") -> 0.037851211 | EA14: =IFERROR(IF(BF14<K14,BF14*-1+K14,"NaN"),"NaN") -> 871.09871 | EB14: =IFERROR(IF(BG14<L14,BG14*-1+L14,"NaN"),"NaN") -> 69.373776 | EC14: =IFERROR(IF(BH14<M14,BH14*-1+M14,"NaN"),"NaN") -> 0.10400703 | ED14: =IFERROR(IF(BI14<N14,BI14*-1+N14,"NaN"),"NaN") -> 93.559351 | EE14: =IFERROR(IF(BJ14<O14,BJ14*-1+O14,"NaN"),"NaN") -> 0.7262306 | EF14: =IFERROR(IF(BK14<P14,BK14*-1+P14,"NaN"),"NaN") -> 1.2429519 | EG14: =IFERROR(IF(BL14<R14,BL14*-1+R14,"NaN"),"NaN") -> 20.707641 | EH14: =IFERROR(IF(BM14<Y14,BM14*-1+Y14,"NaN"),"NaN") -> 487.75522 | EI14: =IFERROR(IF(BN14<Z14,BN14*-1+Z14,"NaN"),"NaN") -> NaN | EJ14: =IFERROR(IF(BO14<AD14,BO14*-1+AD14,"NaN"),"NaN") -> NaN | EK14: =IFERROR(IF(BP14<AF14,BP14*-1+AF14,"NaN"),"NaN") -> NaN | EL14: =IFERROR(IF(BQ14<AG14,BQ14*-1+AG14,"NaN"),"NaN") -> NaN | EM14: =IFERROR(IF(BR14<AI14,BR14*-1+AI14,"NaN"),"NaN") -> NaN | EN14: =IFERROR(IF(BS14<AJ14,BS14*-1+AJ14,"NaN"),"NaN") -> 1.8716411 | EO14: =IFERROR(IF(BT14<AK14,BT14*-1+AK14,"NaN"),"NaN") -> 472.04133 | EP14: =IFERROR(IF(BU14<AL14,BU14*-1+AL14,"NaN"),"NaN") -> NaN | EQ14: =IFERROR(IF(BV14<AM14,BV14*-1+AM14,"NaN"),"NaN") -> NaN | ER14: =IFERROR(IF(BW14<AP14,BW14*-1+AP14,"NaN"),"NaN") -> NaN | ES14: =IFERROR(IF(BX14<AS14,BX14*-1+AS14,"NaN"),"NaN") -> 152.29869 | ET14: =IFERROR(IF(BY14<AU14,BY14*-1+AU14,"NaN"),"NaN") -> NaN | EU14: =IFERROR(IF(BZ14<AV14,BZ14*-1+AV14,"NaN"),"NaN") -> 73.130458 | EV14: =IFERROR(IF(CA14<AY14,CA14*-1+AY14,"NaN"),"NaN") -> NaN | EW14: =IFERROR(IF(CB14<AZ14,CB14*-1+AZ14,"NaN"),"NaN") -> 0.096454529 | EX14: =IFERROR(IF(CC14<BB14,CC14*-1+BB14,"NaN"),"NaN") -> NaN | EY14: =IFERROR(IF(CD14<BC14,CD14*-1+BC14,"NaN"),"NaN") -> 18.5976
A15: 18935 | B15: 3D | C15: 3 | D15: D | E15: -371.7 | F15: -67.0041 | G15: -100.035 | H15: 527.7803 | I15: 4336.3 | J15: 0.066638494 | K15: 2759.1699 | L15: 75.648594 | M15: 0.12678673 | N15: 99.781389 | O15: 1.1265943 | P15: 0.20327893 | Q15: 21.071497 | R15: 19.19758 | S15: 0.016702694 | T15: 0.019282212 | U15: 0.012768392 | V15: 0.030347982 | W15: 0.001046619 | X15: 0.04563088 | Y15: 921.02747 | Z15: 953.21726 | AA15: NaN | AB15: 0.005121284 | AC15: 0.024394089 | AD15: 94.60598 | AE15: 0.011142768 | AF15: 135.881 | AG15: NaN | AH15: 0.054224579 | AI15: 0.18382098 | AJ15: 2.2564486 | AK15: 578.98499 | AL15: 0.29467669 | AM15: 0.21647713 | AN15: NaN | AO15: 0.000292916 | AP15: 0.33666567 | AQ15: 0.032106607 | AR15: 0.20450048 | AS15: NaN | AT15: 0.017957632 | AU15: 0.017396415 | AV15: 119.51392 | AW15: 0.01006359 | AX15: NaN | AY15: 2.7242122 | AZ15: 0.21431145 | BA15: 0.013500769 | BB15: 0.01326875 | BC15: 8.3131839 | BD15: 0.55145023 | BE15: 0.00104799 | BF15: 564.90669 | BG15: 17.872148 | BH15: 0.011925027 | BI15: 17.893318 | BJ15: 0.26629142 | BK15: 5.9180038 | BL15: 2.9774854 | BM15: 2.9347716 | BN15: 0.000628735 | BO15: 0.002260356 | BP15: NaN | BQ15: 0.001596436 | BR15: NaN | BS15: 0.009657143 | BT15: 256.66049 | BU15: 255.71769 | BV15: NaN | BW15: 0.0001634 | BX15: 0.003800487 | BY15: 18.014337 | BZ15: 0.001786946 | CA15: 33.458785 | CB15: 0.21246621 | CC15: 0.012576358 | CD15: 0.044849344 | CE15: NaN | CF15: 45.252381 | CG15: 0.073670794 | CH15: 0.049252564 | CI15: 0.31578319 | CJ15: 3.51238e-05 | CK15: 0.048339514 | CL15: 0.007222321 | CM15: 0.051433664 | CN15: 9.3218072 | CO15: NaN | CP15: 0.002327834 | CQ15: 29.404436 | CR15: 0.001448118 | CS15: 0.00522474 | CT15: 0.77196719 | CU15: 0.048304029 | CV15: 0.001242447 | CW15: 0.002055653 | CX15: 2.295553 | CY15: 0.056923672 | CZ15: 0.030320426 | DA15: 746.74911 | DB15: 9.5326387 | DC15: 0.083287625 | DD15: 0.45381195 | DE15: 0.84920136 | DF15: 2.4031178 | DG15: 13.887807 | DH15: 303.81652 | DI15: 316.64928 | DJ15: 0.15621118 | DK15: 129.76177 | DL15: 0.22440782 | DM15: 0.15735248 | DN15: 2.2048425 | DO15: 432.12906 | DP15: 0.20590598 | DQ15: 0.038220669 | DR15: 0.13924051 | DS15: 109.1399 | DT15: 0.020819677 | DU15: 6.1671201 | DV15: 1.3642369 | DW15: 0.18717395 | DX15: 0.009033339 | DY15: 5.7768172 | DZ15: =IFERROR(IF(BE15<J15,BE15*-1+J15,"NaN"),"NaN") -> 0.065590504 | EA15: =IFERROR(IF(BF15<K15,BF15*-1+K15,"NaN"),"NaN") -> 2194.2632 | EB15: =IFERROR(IF(BG15<L15,BG15*-1+L15,"NaN"),"NaN") -> 57.776446 | EC15: =IFERROR(IF(BH15<M15,BH15*-1+M15,"NaN"),"NaN") -> 0.11486171 | ED15: =IFERROR(IF(BI15<N15,BI15*-1+N15,"NaN"),"NaN") -> 81.888071 | EE15: =IFERROR(IF(BJ15<O15,BJ15*-1+O15,"NaN"),"NaN") -> 0.86030289 | EF15: =IFERROR(IF(BK15<P15,BK15*-1+P15,"NaN"),"NaN") -> NaN | EG15: =IFERROR(IF(BL15<R15,BL15*-1+R15,"NaN"),"NaN") -> 16.220095 | EH15: =IFERROR(IF(BM15<Y15,BM15*-1+Y15,"NaN"),"NaN") -> 918.0927 | EI15: =IFERROR(IF(BN15<Z15,BN15*-1+Z15,"NaN"),"NaN") -> 953.21663 | EJ15: =IFERROR(IF(BO15<AD15,BO15*-1+AD15,"NaN"),"NaN") -> 94.60372 | EK15: =IFERROR(IF(BP15<AF15,BP15*-1+AF15,"NaN"),"NaN") -> NaN | EL15: =IFERROR(IF(BQ15<AG15,BQ15*-1+AG15,"NaN"),"NaN") -> NaN | EM15: =IFERROR(IF(BR15<AI15,BR15*-1+AI15,"NaN"),"NaN") -> NaN | EN15: =IFERROR(IF(BS15<AJ15,BS15*-1+AJ15,"NaN"),"NaN") -> 2.2467915 | EO15: =IFERROR(IF(BT15<AK15,BT15*-1+AK15,"NaN"),"NaN") -> 322.3245 | EP15: =IFERROR(IF(BU15<AL15,BU15*-1+AL15,"NaN"),"NaN") -> NaN | EQ15: =IFERROR(IF(BV15<AM15,BV15*-1+AM15,"NaN"),"NaN") -> NaN | ER15: =IFERROR(IF(BW15<AP15,BW15*-1+AP15,"NaN"),"NaN") -> 0.33650227 | ES15: =IFERROR(IF(BX15<AS15,BX15*-1+AS15,"NaN"),"NaN") -> NaN | ET15: =IFERROR(IF(BY15<AU15,BY15*-1+AU15,"NaN"),"NaN") -> NaN | EU15: =IFERROR(IF(BZ15<AV15,BZ15*-1+AV15,"NaN"),"NaN") -> 119.51213 | EV15: =IFERROR(IF(CA15<AY15,CA15*-1+AY15,"NaN"),"NaN") -> NaN | EW15: =IFERROR(IF(CB15<AZ15,CB15*-1+AZ15,"NaN"),"NaN") -> 0.001845239 | EX15: =IFERROR(IF(CC15<BB15,CC15*-1+BB15,"NaN"),"NaN") -> 0.000692392 | EY15: =IFERROR(IF(CD15<BC15,CD15*-1+BC15,"NaN"),"NaN") -> 8.2683345
A16: 18936 | B16: 3D | C16: 3 | D16: D | E16: -275.55 | F16: -67.0041 | G16: -100.035 | H16: 527.7803 | I16: 4432.45 | J16: 0.026890594 | K16: 3089.6568 | L16: 91.226334 | M16: 0.15798604 | N16: 119.8601 | O16: 1.5439951 | P16: 1.9415065 | Q16: 22.535755 | R16: 20.692234 | S16: 0.024196229 | T16: 0.023345387 | U16: 0.016740521 | V16: 0.035734341 | W16: 0.002814204 | X16: 0.060903838 | Y16: 1154.8648 | Z16: 1173.4453 | AA16: NaN | AB16: 0.00689706 | AC16: 0.028559898 | AD16: 113.75975 | AE16: 0.012281327 | AF16: 172.03198 | AG16: NaN | AH16: 0.065680889 | AI16: 0.23006165 | AJ16: 2.7065126 | AK16: 632.27715 | AL16: 0.40234306 | AM16: 0.27055361 | AN16: 1.5860468 | AO16: 0.001595969 | AP16: 0.36861961 | AQ16: 0.041493 | AR16: 0.2742108 | AS16: 148.26351 | AT16: 0.024023492 | AU16: 0.024401562 | AV16: 165.35228 | AW16: 0.013554316 | AX16: 0.011408865 | AY16: 3.6489897 | AZ16: 0.24926968 | BA16: 0.014797796 | BB16: 0.016162773 | BC16: 10.76107 | BD16: 0.82504977 | BE16: NaN | BF16: 497.38228 | BG16: 12.973655 | BH16: 0.010462834 | BI16: 12.961929 | BJ16: 0.19337801 | BK16: 2.4582621 | BL16: 2.1508028 | BM16: 2.2011899 | BN16: NaN | BO16: 0.00013325 | BP16: NaN | BQ16: 0.001120926 | BR16: NaN | BS16: 0.007314996 | BT16: 163.7254 | BU16: 165.3988 | BV16: NaN | BW16: NaN | BX16: 0.002454985 | BY16: 12.972292 | BZ16: 0.001102358 | CA16: 27.054782 | CB16: 0.015964322 | CC16: 0.009053439 | CD16: 0.033630031 | CE16: NaN | CF16: 29.661759 | CG16: 0.073066588 | CH16: 0.036870106 | CI16: 0.25392942 | CJ16: 0.000107124 | CK16: 0.024484838 | CL16: 0.006073903 | CM16: 0.040158124 | CN16: NaN | CO16: NaN | CP16: 0.000715535 | CQ16: 21.053789 | CR16: 0.000732179 | CS16: 0.003565203 | CT16: 0.53944454 | CU16: 0.03381982 | CV16: 0.000469974 | CW16: 0.001045725 | CX16: 2.3920144 | CY16: 0.002714037 | CZ16: 0.041397545 | DA16: 844.31866 | DB16: 14.62524 | DC16: 0.087530392 | DD16: 0.55305747 | DE16: 0.91719928 | DF16: 0.32708679 | DG16: 13.63492 | DH16: 347.87817 | DI16: 357.72697 | DJ16: 0.17738038 | DK16: 136.61904 | DL16: NaN | DM16: 0.18393618 | DN16: 2.162322 | DO16: 327.1032 | DP16: 0.3555318 | DQ16: 0.047107476 | DR16: 0.14079161 | DS16: 5.77263 | DT16: 0.02407679 | DU16: 5.9691572 | DV16: 1.2315355 | DW16: 0.21537135 | DX16: 0.010338756 | DY16: 8.8248234 | DZ16: =IFERROR(IF(BE16<J16,BE16*-1+J16,"NaN"),"NaN") -> NaN | EA16: =IFERROR(IF(BF16<K16,BF16*-1+K16,"NaN"),"NaN") -> 2592.2745 | EB16: =IFERROR(IF(BG16<L16,BG16*-1+L16,"NaN"),"NaN") -> 78.25268 | EC16: =IFERROR(IF(BH16<M16,BH16*-1+M16,"NaN"),"NaN") -> 0.14752321 | ED16: =IFERROR(IF(BI16<N16,BI16*-1+N16,"NaN"),"NaN") -> 106.89817 | EE16: =IFERROR(IF(BJ16<O16,BJ16*-1+O16,"NaN"),"NaN") -> 1.3506171 | EF16: =IFERROR(IF(BK16<P16,BK16*-1+P16,"NaN"),"NaN") -> NaN | EG16: =IFERROR(IF(BL16<R16,BL16*-1+R16,"NaN"),"NaN") -> 18.541431 | EH16: =IFERROR(IF(BM16<Y16,BM16*-1+Y16,"NaN"),"NaN") -> 1152.6636 | EI16: =IFERROR(IF(BN16<Z16,BN16*-1+Z16,"NaN"),"NaN") -> NaN | EJ16: =IFERROR(IF(BO16<AD16,BO16*-1+AD16,"NaN"),"NaN") -> 113.75962 | EK16: =IFERROR(IF(BP16<AF16,BP16*-1+AF16,"NaN"),"NaN") -> NaN | EL16: =IFERROR(IF(BQ16<AG16,BQ16*-1+AG16,"NaN"),"NaN") -> NaN | EM16: =IFERROR(IF(BR16<AI16,BR16*-1+AI16,"NaN"),"NaN") -> NaN | EN16: =IFERROR(IF(BS16<AJ16,BS16*-1+AJ16,"NaN"),"NaN") -> 2.6991976 | EO16: =IFERROR(IF(BT16<AK16,BT16*-1+AK16,"NaN"),"NaN") -> 468.55175 | EP16: =IFERROR(IF(BU16<AL16,BU16*-1+AL16,"NaN"),"NaN") -> NaN | EQ16: =IFERROR(IF(BV16<AM16,BV16*-1+AM16,"NaN"),"NaN") -> NaN | ER16: =IFERROR(IF(BW16<AP16,BW16*-1+AP16,"NaN"),"NaN") -> NaN | ES16: =IFERROR(IF(BX16<AS16,BX16*-1+AS16,"NaN"),"NaN") -> 148.26105 | ET16: =IFERROR(IF(BY16<AU16,BY16*-1+AU16,"NaN"),"NaN") -> NaN | EU16: =IFERROR(IF(BZ16<AV16,BZ16*-1+AV16,"NaN"),"NaN") -> 165.35118 | EV16: =IFERROR(IF(CA16<AY16,CA16*-1+AY16,"NaN"),"NaN") -> NaN | EW16: =IFERROR(IF(CB16<AZ16,CB16*-1+AZ16,"NaN"),"NaN") -> 0.23330535 | EX16: =IFERROR(IF(CC16<BB16,CC16*-1+BB16,"NaN"),"NaN") -> 0.007109334 | EY16: =IFERROR(IF(CD16<BC16,CD16*-1+BC16,"NaN"),"NaN") -> 10.72744
A17: 18937 | B17: 3D | C17: 3 | D17: D | E17: -251.51 | F17: -67.0041 | G17: -100.035 | H17: 527.7803 | I17: 4456.49 | J17: 0.029400846 | K17: 2110.8034 | L17: 84.736754 | M17: 0.14374011 | N17: 110.12701 | O17: 1.3426696 | P17: 1.6631504 | Q17: 21.890834 | R17: 19.717684 | S17: 0.007087001 | T17: 0.01203008 | U17: 0.010251931 | V17: 0.049774054 | W17: NaN | X17: 0.05767229 | Y17: 839.02797 | Z17: 858.47284 | AA17: NaN | AB17: 0.00553746 | AC17: 0.024471751 | AD17: 104.37533 | AE17: 0.008940841 | AF17: 143.4525 | AG17: NaN | AH17: 0.052778756 | AI17: 0.18792585 | AJ17: 1.7902467 | AK17: 709.29997 | AL17: 0.38974396 | AM17: 0.21085704 | AN17: 0.47195752 | AO17: 0.001244837 | AP17: 0.15992336 | AQ17: 0.031901105 | AR17: 0.26089993 | AS17: 147.35872 | AT17: 0.005851517 | AU17: 0.008281894 | AV17: 149.60517 | AW17: 0.007047629 | AX17: 0.005123509 | AY17: 2.9918669 | AZ17: 0.17458135 | BA17: 0.005430297 | BB17: 0.008519414 | BC17: 92.400165 | BD17: 0.28139963 | BE17: NaN | BF17: 478.82583 | BG17: 12.95831 | BH17: 0.006304892 | BI17: 12.768486 | BJ17: 0.1892307 | BK17: 1.2260699 | BL17: 1.9950147 | BM17: 2.0154412 | BN17: 7.25021e-05 | BO17: 0.001171272 | BP17: NaN | BQ17: 0.00119949 | BR17: NaN | BS17: 0.007721777 | BT17: 198.37134 | BU17: 196.98402 | BV17: NaN | BW17: 6.40758e-05 | BX17: 0.002972785 | BY17: 12.803585 | BZ17: 0.00140241 | CA17: 25.440329 | CB17: 0.039591468 | CC17: 0.010404598 | CD17: 0.034972713 | CE17: NaN | CF17: 27.651435 | CG17: 0.052897959 | CH17: 0.039737104 | CI17: 0.27009345 | CJ17: 9.20587e-05 | CK17: 0.035939541 | CL17: 0.005996743 | CM17: 0.044284831 | CN17: NaN | CO17: NaN | CP17: 0.001421601 | CQ17: 24.121716 | CR17: 0.001066531 | CS17: 0.003551501 | CT17: 0.66159451 | CU17: 0.038483629 | CV17: 0.000599511 | CW17: 0.001022115 | CX17: 2.1051467 | CY17: 0.016096594 | CZ17: 0.023461792 | DA17: 901.41616 | DB17: 15.973456 | DC17: 0.12496183 | DD17: 0.56428657 | DE17: 0.91825134 | DF17: 1.4360229 | DG17: 83.018598 | DH17: 341.99865 | DI17: 351.39537 | DJ17: 0.1792825 | DK17: 131.28349 | DL17: 0.11943084 | DM17: 0.1886961 | DN17: 7.0054418 | DO17: 440.73011 | DP17: 0.29289479 | DQ17: 0.047927087 | DR17: 0.16541067 | DS17: NaN | DT17: 0.027691045 | DU17: 7.5451468 | DV17: 1.271734 | DW17: 0.22594054 | DX17: 0.010743311 | DY17: 95.117088 | DZ17: =IFERROR(IF(BE17<J17,BE17*-1+J17,"NaN"),"NaN") -> NaN | EA17: =IFERROR(IF(BF17<K17,BF17*-1+K17,"NaN"),"NaN") -> 1631.9776 | EB17: =IFERROR(IF(BG17<L17,BG17*-1+L17,"NaN"),"NaN") -> 71.778445 | EC17: =IFERROR(IF(BH17<M17,BH17*-1+M17,"NaN"),"NaN") -> 0.13743521 | ED17: =IFERROR(IF(BI17<N17,BI17*-1+N17,"NaN"),"NaN") -> 97.358528 | EE17: =IFERROR(IF(BJ17<O17,BJ17*-1+O17,"NaN"),"NaN") -> 1.1534389 | EF17: =IFERROR(IF(BK17<P17,BK17*-1+P17,"NaN"),"NaN") -> 0.43708047 | EG17: =IFERROR(IF(BL17<R17,BL17*-1+R17,"NaN"),"NaN") -> 17.72267 | EH17: =IFERROR(IF(BM17<Y17,BM17*-1+Y17,"NaN"),"NaN") -> 837.01253 | EI17: =IFERROR(IF(BN17<Z17,BN17*-1+Z17,"NaN"),"NaN") -> 858.47277 | EJ17: =IFERROR(IF(BO17<AD17,BO17*-1+AD17,"NaN"),"NaN") -> 104.37415 | EK17: =IFERROR(IF(BP17<AF17,BP17*-1+AF17,"NaN"),"NaN") -> NaN | EL17: =IFERROR(IF(BQ17<AG17,BQ17*-1+AG17,"NaN"),"NaN") -> NaN | EM17: =IFERROR(IF(BR17<AI17,BR17*-1+AI17,"NaN"),"NaN") -> NaN | EN17: =IFERROR(IF(BS17<AJ17,BS17*-1+AJ17,"NaN"),"NaN") -> 1.7825249 | EO17: =IFERROR(IF(BT17<AK17,BT17*-1+AK17,"NaN"),"NaN") -> 510.92863 | EP17: =IFERROR(IF(BU17<AL17,BU17*-1+AL17,"NaN"),"NaN") -> NaN | EQ17: =IFERROR(IF(BV17<AM17,BV17*-1+AM17,"NaN"),"NaN") -> NaN | ER17: =IFERROR(IF(BW17<AP17,BW17*-1+AP17,"NaN"),"NaN") -> 0.15985929 | ES17: =IFERROR(IF(BX17<AS17,BX17*-1+AS17,"NaN"),"NaN") -> 147.35575 | ET17: =IFERROR(IF(BY17<AU17,BY17*-1+AU17,"NaN"),"NaN") -> NaN | EU17: =IFERROR(IF(BZ17<AV17,BZ17*-1+AV17,"NaN"),"NaN") -> 149.60377 | EV17: =IFERROR(IF(CA17<AY17,CA17*-1+AY17,"NaN"),"NaN") -> NaN | EW17: =IFERROR(IF(CB17<AZ17,CB17*-1+AZ17,"NaN"),"NaN") -> 0.13498989 | EX17: =IFERROR(IF(CC17<BB17,CC17*-1+BB17,"NaN"),"NaN") -> NaN | EY17: =IFERROR(IF(CD17<BC17,CD17*-1+BC17,"NaN"),"NaN") -> 92.365192
A18: 18991 | B18: 4S | C18: 4 | D18: S | E18: -3043.45 | F18: -70.9637 | G18: -112.9356 | H18: 302.5721 | I18: 19.55 | J18: 5.4882747 | K18: NaN | L18: 99.658655 | M18: 58.807832 | N18: 130.69552 | O18: 2.6808964 | P18: 57.609796 | Q18: 103.36695 | R18: 93.544683 | S18: NaN | T18: NaN | U18: NaN | V18: 0.43576416 | W18: NaN | X18: 0.20474359 | Y18: 206.0203 | Z18: 215.01467 | AA18: NaN | AB18: NaN | AC18: NaN | AD18: 125.00323 | AE18: NaN | AF18: 187.75771 | AG18: NaN | AH18: NaN | AI18: NaN | AJ18: 25.309488 | AK18: 69313.109 | AL18: 3.3106175 | AM18: NaN | AN18: 60.791373 | AO18: 0.019935103 | AP18: NaN | AQ18: NaN | AR18: 0.98683084 | AS18: 2229.008 | AT18: NaN | AU18: NaN | AV18: 28.708435 | AW18: NaN | AX18: 2.0786393 | AY18: 3.2045201 | AZ18: 0.084951099 | BA18: NaN | BB18: NaN | BC18: 821.21385 | BD18: NaN | BE18: 1.0875701 | BF18: 704.84306 | BG18: 27.944268 | BH18: 27.375766 | BI18: 28.233051 | BJ18: 1.9116996 | BK18: NaN | BL18: 78.533091 | BM18: 75.293852 | BN18: NaN | BO18: NaN | BP18: NaN | BQ18: 0.08949645 | BR18: NaN | BS18: 0.061213173 | BT18: 223.83203 | BU18: 234.42987 | BV18: NaN | BW18: NaN | BX18: NaN | BY18: 28.009614 | BZ18: NaN | CA18: 155.54753 | CB18: 1.2640277 | CC18: NaN | CD18: NaN | CE18: NaN | CF18: 53491.714 | CG18: 0.67765473 | CH18: 0.066119318 | CI18: 8.0993684 | CJ18: 0.007952104 | CK18: NaN | CL18: NaN | CM18: 0.40170678 | CN18: 71.391907 | CO18: NaN | CP18: 0.010751871 | CQ18: 747.03875 | CR18: NaN | CS18: 0.47817735 | CT18: 2.7794295 | CU18: 0.089344318 | CV18: NaN | CW18: NaN | CX18: 418.12742 | CY18: 3.9117422 | CZ18: 4.1818655 | DA18: 858.20198 | DB18: 26.68605 | DC18: 31.231227 | DD18: 0.19734911 | DE18: 1.4476011 | DF18: NaN | DG18: 61.072763 | DH18: 231.81354 | DI18: 231.55574 | DJ18: 0.092406461 | DK18: 113.13428 | DL18: 10.600439 | DM18: 0.039111551 | DN18: 24.668402 | DO18: 46504.692 | DP18: 3.6413363 | DQ18: 0.011702815 | DR18: 0.12995083 | DS18: 2837.9302 | DT18: 0.0078730257 | DU18: NaN | DV18: 15.54542 | DW18: 0.15620988 | DX18: 0.0077357014 | DY18: 662.22889 | DZ18: =IFERROR(IF(BE18<J18,BE18*-1+J18,"NaN"),"NaN") -> 4.4007047 | EA18: =IFERROR(IF(BF18<K18,BF18*-1+K18,"NaN"),"NaN") -> NaN | EB18: =IFERROR(IF(BG18<L18,BG18*-1+L18,"NaN"),"NaN") -> 71.714387 | EC18: =IFERROR(IF(BH18<M18,BH18*-1+M18,"NaN"),"NaN") -> 31.432066 | ED18: =IFERROR(IF(BI18<N18,BI18*-1+N18,"NaN"),"NaN") -> 102.46246 | EE18: =IFERROR(IF(BJ18<O18,BJ18*-1+O18,"NaN"),"NaN") -> 0.76919672 | EF18: =IFERROR(IF(BK18<P18,BK18*-1+P18,"NaN"),"NaN") -> NaN | EG18: =IFERROR(IF(BL18<R18,BL18*-1+R18,"NaN"),"NaN") -> 15.011593 | EH18: =IFERROR(IF(BM18<Y18,BM18*-1+Y18,"NaN"),"NaN") -> 130.72644 | EI18: =IFERROR(IF(BN18<Z18,BN18*-1+Z18,"NaN"),"NaN") -> NaN | EJ18: =IFERROR(IF(BO18<AD18,BO18*-1+AD18,"NaN"),"NaN") -> NaN | EK18: =IFERROR(IF(BP18<AF18,BP18*-1+AF18,"NaN"),"NaN") -> NaN | EL18: =IFERROR(IF(BQ18<AG18,BQ18*-1+AG18,"NaN"),"NaN") -> NaN | EM18: =IFERROR(IF(BR18<AI18,BR18*-1+AI18,"NaN"),"NaN") -> NaN | EN18: =IFERROR(IF(BS18<AJ18,BS18*-1+AJ18,"NaN"),"NaN") -> 25.248275 | EO18: =IFERROR(IF(BT18<AK18,BT18*-1+AK18,"NaN"),"NaN") -> 69089.277 | EP18: =IFERROR(IF(BU18<AL18,BU18*-1+AL18,"NaN"),"NaN") -> NaN | EQ18: =IFERROR(IF(BV18<AM18,BV18*-1+AM18,"NaN"),"NaN") -> NaN | ER18: =IFERROR(IF(BW18<AP18,BW18*-1+AP18,"NaN"),"NaN") -> NaN | ES18: =IFERROR(IF(BX18<AS18,BX18*-1+AS18,"NaN"),"NaN") -> NaN | ET18: =IFERROR(IF(BY18<AU18,BY18*-1+AU18,"NaN"),"NaN") -> NaN | EU18: =IFERROR(IF(BZ18<AV18,BZ18*-1+AV18,"NaN"),"NaN") -> NaN | EV18: =IFERROR(IF(CA18<AY18,CA18*-1+AY18,"NaN"),"NaN") -> NaN | EW18: =IFERROR(IF(CB18<AZ18,CB18*-1+AZ18,"NaN"),"NaN") -> NaN | EX18: =IFERROR(IF(CC18<BB18,CC18*-1+BB18,"NaN"),"NaN") -> NaN | EY18: =IFERROR(IF(CD18<BC18,CD18*-1+BC18,"NaN"),"NaN") -> NaN
A19: 18992 | B19: 4S | C19: 4 | D19: S | E19: -3014.14 | F19: -70.9637 | G19: -112.9356 | H19: 302.5721 | I19: 48.86 | J19: 0.95800133 | K19: NaN | L19: 43.449936 | M19: 19.978776 | N19: 57.695747 | O19: 1.0319293 | P19: 1.8389998 | Q19: 46.531488 | R19: 42.295645 | S19: NaN | T19: NaN | U19: NaN | V19: 0.19100165 | W19: NaN | X19: 0.086458987 | Y19: 45.777231 | Z19: 43.606663 | AA19: NaN | AB19: 0.000791348 | AC19: NaN | AD19: 54.301691 | AE19: NaN | AF19: 90.124393 | AG19: NaN | AH19: NaN | AI19: NaN | AJ19: 11.792491 | AK19: 22650.778 | AL19: 0.80271107 | AM19: NaN | AN19: 21.264604 | AO19: 0.008889066 | AP19: NaN | AQ19: NaN | AR19: 0.36484586 | AS19: 481.52565 | AT19: NaN | AU19: NaN | AV19: 5.9519379 | AW19: NaN | AX19: 0.68865777 | AY19: 0.65827311 | AZ19: NaN | BA19: NaN | BB19: NaN | BC19: 192.64451 | BD19: NaN | BE19: 0.38270886 | BF19: 139.15401 | BG19: 22.998902 | BH19: 7.4420658 | BI19: 22.505906 | BJ19: 0.49490381 | BK19: 14.117448 | BL19: 17.277333 | BM19: 17.599697 | BN19: NaN | BO19: NaN | BP19: NaN | BQ19: 0.02673871 | BR19: NaN | BS19: 0.005550965 | BT19: 48.000915 | BU19: 52.282394 | BV19: NaN | BW19: NaN | BX19: NaN | BY19: 22.885434 | BZ19: NaN | CA19: 52.046828 | CB19: 0.35175484 | CC19: NaN | CD19: NaN | CE19: NaN | CF19: 12157.466 | CG19: 0.12631557 | CH19: 0.008696595 | CI19: 2.434488 | CJ19: 0.002207313 | CK19: NaN | CL19: NaN | CM19: 0.06104687 | CN19: 196.94809 | CO19: NaN | CP19: 0.001954022 | CQ19: 111.78316 | CR19: NaN | CS19: 0.14214226 | CT19: 0.93512028 | CU19: NaN | CV19: NaN | CW19: NaN | CX19: 118.41734 | CY19: 0.26057015 | CZ19: 1.7579987 | DA19: 203.88384 | DB19: 31.087598 | DC19: 23.023393 | DD19: 0.20246588 | DE19: 1.3326099 | DF19: 70.062418 | DG19: 33.837419 | DH19: 142.10139 | DI19: 145.28166 | DJ19: 0.098983021 | DK19: 133.18555 | DL19: 5.702792 | DM19: 0.045444557 | DN19: 16.616405 | DO19: 30226.791 | DP19: 1.3220497 | DQ19: 0.012422835 | DR19: 0.22143483 | DS19: 2232.6997 | DT19: 0.012675285 | DU19: NaN | DV19: 8.6442589 | DW19: 0.16946283 | DX19: 0.0086280385 | DY19: 322.51961 | DZ19: =IFERROR(IF(BE19<J19,BE19*-1+J19,"NaN"),"NaN") -> 0.57529247 | EA19: =IFERROR(IF(BF19<K19,BF19*-1+K19,"NaN"),"NaN") -> NaN | EB19: =IFERROR(IF(BG19<L19,BG19*-1+L19,"NaN"),"NaN") -> 20.451034 | EC19: =IFERROR(IF(BH19<M19,BH19*-1+M19,"NaN"),"NaN") -> 12.53671 | ED19: =IFERROR(IF(BI19<N19,BI19*-1+N19,"NaN"),"NaN") -> 35.189841 | EE19: =IFERROR(IF(BJ19<O19,BJ19*-1+O19,"NaN"),"NaN") -> 0.53702548 | EF19: =IFERROR(IF(BK19<P19,BK19*-1+P19,"NaN"),"NaN") -> NaN | EG19: =IFERROR(IF(BL19<R19,BL19*-1+R19,"NaN"),"NaN") -> 25.018311 | EH19: =IFERROR(IF(BM19<Y19,BM19*-1+Y19,"NaN"),"NaN") -> 28.177534 | EI19: =IFERROR(IF(BN19<Z19,BN19*-1+Z19,"NaN"),"NaN") -> NaN | EJ19: =IFERROR(IF(BO19<AD19,BO19*-1+AD19,"NaN"),"NaN") -> NaN | EK19: =IFERROR(IF(BP19<AF19,BP19*-1+AF19,"NaN"),"NaN") -> NaN | EL19: =IFERROR(IF(BQ19<AG19,BQ19*-1+AG19,"NaN"),"NaN") -> NaN | EM19: =IFERROR(IF(BR19<AI19,BR19*-1+AI19,"NaN"),"NaN") -> NaN | EN19: =IFERROR(IF(BS19<AJ19,BS19*-1+AJ19,"NaN"),"NaN") -> 11.78694 | EO19: =IFERROR(IF(BT19<AK19,BT19*-1+AK19,"NaN"),"NaN") -> 22602.777 | EP19: =IFERROR(IF(BU19<AL19,BU19*-1+AL19,"NaN"),"NaN") -> NaN | EQ19: =IFERROR(IF(BV19<AM19,BV19*-1+AM19,"NaN"),"NaN") -> NaN | ER19: =IFERROR(IF(BW19<AP19,BW19*-1+AP19,"NaN"),"NaN") -> NaN | ES19: =IFERROR(IF(BX19<AS19,BX19*-1+AS19,"NaN"),"NaN") -> NaN | ET19: =IFERROR(IF(BY19<AU19,BY19*-1+AU19,"NaN"),"NaN") -> NaN | EU19: =IFERROR(IF(BZ19<AV19,BZ19*-1+AV19,"NaN"),"NaN") -> NaN | EV19: =IFERROR(IF(CA19<AY19,CA19*-1+AY19,"NaN"),"NaN") -> NaN | EW19: =IFERROR(IF(CB19<AZ19,CB19*-1+AZ19,"NaN"),"NaN") -> NaN | EX19: =IFERROR(IF(CC19<BB19,CC19*-1+BB19,"NaN"),"NaN") -> NaN | EY19: =IFERROR(IF(CD19<BC19,CD19*-1+BC19,"NaN"),"NaN") -> NaN
A20: 18993 | B20: 4S | C20: 4 | D20: S | E20: -2989.71 | F20: -70.9637 | G20: -112.9356 | H20: 302.5721 | I20: 73.29 | J20: 0.85831493 | K20: 265.06888 | L20: 74.664317 | M20: 10.609254 | N20: 90.933472 | O20: 0.57378192 | P20: NaN | Q20: 21.532409 | R20: 19.384645 | S20: NaN | T20: NaN | U20: 0.001329919 | V20: 0.024282778 | W20: NaN | X20: 0.01888241 | Y20: 90.717315 | Z20: 95.327279 | AA20: NaN | AB20: 0.00084328 | AC20: 0.002803977 | AD20: 87.450741 | AE20: 0.000522038 | AF20: 105.92275 | AG20: 0.99424024 | AH20: 0.008620121 | AI20: 0.0355026 | AJ20: 4.2413485 | AK20: 8579.2397 | AL20: 0.52282842 | AM20: 0.069784951 | AN20: 1.4967741 | AO20: 0.001750984 | AP20: NaN | AQ20: 0.006966321 | AR20: 0.10368509 | AS20: 133.50988 | AT20: NaN | AU20: 0.003683106 | AV20: 25.089184 | AW20: NaN | AX20: 0.11535726 | AY20: 1.616981 | AZ20: 0.061768028 | BA20: NaN | BB20: 0.001876339 | BC20: 74.295106 | BD20: 0.25771265 | BE20: 0.084868 | BF20: 130.57473 | BG20: 18.211645 | BH20: 1.7534671 | BI20: 17.668304 | BJ20: 0.16954756 | BK20: 5.6706026 | BL20: 4.4864167 | BM20: 4.4215632 | BN20: NaN | BO20: NaN | BP20: NaN | BQ20: 0.004622397 | BR20: NaN | BS20: 0.003825452 | BT20: 57.324439 | BU20: 55.33247 | BV20: NaN | BW20: NaN | BX20: NaN | BY20: 17.75015 | BZ20: NaN | CA20: 23.437902 | CB20: 0.072724241 | CC20: 0.001810815 | CD20: 0.012642267 | CE20: NaN | CF20: 2953.5522 | CG20: 0.077142974 | CH20: 0.026005065 | CI20: 0.32195733 | CJ20: 0.000174524 | CK20: NaN | CL20: NaN | CM20: 0.032517642 | CN20: 233.04624 | CO20: NaN | CP20: 0.002048446 | CQ20: 45.08899 | CR20: NaN | CS20: 0.058452341 | CT20: 0.64365277 | CU20: 0.01373262 | CV20: NaN | CW20: 0.00039244 | CX20: 36.552764 | CY20: 0.079356224 | CZ20: 0.98612124 | DA20: 101.99341 | DB20: 9.2083501 | DC20: 9.43741 | DD20: 0.16177223 | DE20: 0.56331754 | DF20: NaN | DG20: 9.6702912 | DH20: 77.529803 | DI20: 78.619135 | DJ20: 0.084776846 | DK20: 126.673 | DL20: 0.40054209 | DM20: 0.024442198 | DN20: 4.5428865 | DO20: 9164.9196 | DP20: 0.51140423 | DQ20: 0.0068866807 | DR20: 0.098126104 | DS20: 221.8033 | DT20: 0.0039853579 | DU20: NaN | DV20: 4.0368875 | DW20: 0.065210382 | DX20: 0.0024996221 | DY20: 90.629471 | DZ20: =IFERROR(IF(BE20<J20,BE20*-1+J20,"NaN"),"NaN") -> 0.77344693 | EA20: =IFERROR(IF(BF20<K20,BF20*-1+K20,"NaN"),"NaN") -> 134.49415 | EB20: =IFERROR(IF(BG20<L20,BG20*-1+L20,"NaN"),"NaN") -> 56.452672 | EC20: =IFERROR(IF(BH20<M20,BH20*-1+M20,"NaN"),"NaN") -> 8.8557874 | ED20: =IFERROR(IF(BI20<N20,BI20*-1+N20,"NaN"),"NaN") -> 73.265168 | EE20: =IFERROR(IF(BJ20<O20,BJ20*-1+O20,"NaN"),"NaN") -> 0.40423436 | EF20: =IFERROR(IF(BK20<P20,BK20*-1+P20,"NaN"),"NaN") -> NaN | EG20: =IFERROR(IF(BL20<R20,BL20*-1+R20,"NaN"),"NaN") -> 14.898229 | EH20: =IFERROR(IF(BM20<Y20,BM20*-1+Y20,"NaN"),"NaN") -> 86.295752 | EI20: =IFERROR(IF(BN20<Z20,BN20*-1+Z20,"NaN"),"NaN") -> NaN | EJ20: =IFERROR(IF(BO20<AD20,BO20*-1+AD20,"NaN"),"NaN") -> NaN | EK20: =IFERROR(IF(BP20<AF20,BP20*-1+AF20,"NaN"),"NaN") -> NaN | EL20: =IFERROR(IF(BQ20<AG20,BQ20*-1+AG20,"NaN"),"NaN") -> 0.98961784 | EM20: =IFERROR(IF(BR20<AI20,BR20*-1+AI20,"NaN"),"NaN") -> NaN | EN20: =IFERROR(IF(BS20<AJ20,BS20*-1+AJ20,"NaN"),"NaN") -> 4.2375231 | EO20: =IFERROR(IF(BT20<AK20,BT20*-1+AK20,"NaN"),"NaN") -> 8521.9152 | EP20: =IFERROR(IF(BU20<AL20,BU20*-1+AL20,"NaN"),"NaN") -> NaN | EQ20: =IFERROR(IF(BV20<AM20,BV20*-1+AM20,"NaN"),"NaN") -> NaN | ER20: =IFERROR(IF(BW20<AP20,BW20*-1+AP20,"NaN"),"NaN") -> NaN | ES20: =IFERROR(IF(BX20<AS20,BX20*-1+AS20,"NaN"),"NaN") -> NaN | ET20: =IFERROR(IF(BY20<AU20,BY20*-1+AU20,"NaN"),"NaN") -> NaN | EU20: =IFERROR(IF(BZ20<AV20,BZ20*-1+AV20,"NaN"),"NaN") -> NaN | EV20: =IFERROR(IF(CA20<AY20,CA20*-1+AY20,"NaN"),"NaN") -> NaN | EW20: =IFERROR(IF(CB20<AZ20,CB20*-1+AZ20,"NaN"),"NaN") -> NaN | EX20: =IFERROR(IF(CC20<BB20,CC20*-1+BB20,"NaN"),"NaN") -> 6.5524e-05 | EY20: =IFERROR(IF(CD20<BC20,CD20*-1+BC20,"NaN"),"NaN") -> 74.282464
A21: 18994 | B21: 4S | C21: 4 | D21: S | E21: -2965.27 | F21: -70.9637 | G21: -112.9356 | H21: 302.5721 | I21: 97.73 | J21: 0.76470868 | K21: 383.05357 | L21: 82.259537 | M21: 11.587467 | N21: 98.26595 | O21: 0.66285971 | P21: NaN | Q21: 20.622814 | R21: 18.879776 | S21: NaN | T21: NaN | U21: 0.001932154 | V21: 0.029613027 | W21: NaN | X21: 0.02276743 | Y21: 119.50918 | Z21: 122.7807 | AA21: NaN | AB21: 0.000726434 | AC21: 0.003773061 | AD21: 95.947355 | AE21: 0.001102602 | AF21: 141.13829 | AG21: 1.0021238 | AH21: 0.012630863 | AI21: 0.051211137 | AJ21: 5.5690381 | AK21: 6481.1879 | AL21: 0.64816714 | AM21: 0.091009389 | AN21: NaN | AO21: 0.001594212 | AP21: NaN | AQ21: 0.007907442 | AR21: 0.072148962 | AS21: 73.540285 | AT21: NaN | AU21: 0.003249969 | AV21: 18.71792 | AW21: 0.000338342 | AX21: 0.047642794 | AY21: 1.7798262 | AZ21: 0.07640798 | BA21: NaN | BB21: 0.000897525 | BC21: 64.208741 | BD21: 0.089860818 | BE21: 0.060847119 | BF21: 176.68239 | BG21: 18.650402 | BH21: 1.0074982 | BI21: 18.471725 | BJ21: 0.08942708 | BK21: 0.61508323 | BL21: 3.1658102 | BM21: 3.2408331 | BN21: NaN | BO21: NaN | BP21: NaN | BQ21: 0.002415154 | BR21: NaN | BS21: 0.003651224 | BT21: 61.602201 | BU21: 64.864397 | BV21: NaN | BW21: NaN | BX21: NaN | BY21: 18.680713 | BZ21: 0.001438221 | CA21: 16.136644 | CB21: 0.063044348 | CC21: 0.004087041 | CD21: 0.017106891 | CE21: NaN | CF21: 1815.2662 | CG21: 0.087096835 | CH21: 0.027481009 | CI21: 0.48736144 | CJ21: 0.000293237 | CK21: NaN | CL21: 0.000950011 | CM21: 0.02376126 | CN21: 235.44258 | CO21: NaN | CP21: 0.001885723 | CQ21: 7.0964591 | CR21: NaN | CS21: 0.037887754 | CT21: 0.6844054 | CU21: 0.025531826 | CV21: NaN | CW21: 0.000463721 | CX21: 16.661979 | CY21: 0.083108465 | CZ21: 0.83638556 | DA21: 97.524579 | DB21: 14.235372 | DC21: 9.3414233 | DD21: 0.2167983 | DE21: 0.51346811 | DF21: NaN | DG21: 13.127694 | DH21: 80.180409 | DI21: 79.688933 | DJ21: 0.084378841 | DK21: 145.62104 | DL21: 0.026769269 | DM21: 0.035495825 | DN21: 3.2676437 | DO21: 5431.2159 | DP21: 0.5966422 | DQ21: 0.0091889876 | DR21: 0.063089311 | DS21: 93.426609 | DT21: 0.0028278732 | DU21: NaN | DV21: 3.9246691 | DW21: 0.069287448 | DX21: 0.0027168209 | DY21: 61.67918 | DZ21: =IFERROR(IF(BE21<J21,BE21*-1+J21,"NaN"),"NaN") -> 0.70386156 | EA21: =IFERROR(IF(BF21<K21,BF21*-1+K21,"NaN"),"NaN") -> 206.37118 | EB21: =IFERROR(IF(BG21<L21,BG21*-1+L21,"NaN"),"NaN") -> 63.609135 | EC21: =IFERROR(IF(BH21<M21,BH21*-1+M21,"NaN"),"NaN") -> 10.579969 | ED21: =IFERROR(IF(BI21<N21,BI21*-1+N21,"NaN"),"NaN") -> 79.794225 | EE21: =IFERROR(IF(BJ21<O21,BJ21*-1+O21,"NaN"),"NaN") -> 0.57343263 | EF21: =IFERROR(IF(BK21<P21,BK21*-1+P21,"NaN"),"NaN") -> NaN | EG21: =IFERROR(IF(BL21<R21,BL21*-1+R21,"NaN"),"NaN") -> 15.713965 | EH21: =IFERROR(IF(BM21<Y21,BM21*-1+Y21,"NaN"),"NaN") -> 116.26835 | EI21: =IFERROR(IF(BN21<Z21,BN21*-1+Z21,"NaN"),"NaN") -> NaN | EJ21: =IFERROR(IF(BO21<AD21,BO21*-1+AD21,"NaN"),"NaN") -> NaN | EK21: =IFERROR(IF(BP21<AF21,BP21*-1+AF21,"NaN"),"NaN") -> NaN | EL21: =IFERROR(IF(BQ21<AG21,BQ21*-1+AG21,"NaN"),"NaN") -> 0.99970863 | EM21: =IFERROR(IF(BR21<AI21,BR21*-1+AI21,"NaN"),"NaN") -> NaN | EN21: =IFERROR(IF(BS21<AJ21,BS21*-1+AJ21,"NaN"),"NaN") -> 5.5653869 | EO21: =IFERROR(IF(BT21<AK21,BT21*-1+AK21,"NaN"),"NaN") -> 6419.5857 | EP21: =IFERROR(IF(BU21<AL21,BU21*-1+AL21,"NaN"),"NaN") -> NaN | EQ21: =IFERROR(IF(BV21<AM21,BV21*-1+AM21,"NaN"),"NaN") -> NaN | ER21: =IFERROR(IF(BW21<AP21,BW21*-1+AP21,"NaN"),"NaN") -> NaN | ES21: =IFERROR(IF(BX21<AS21,BX21*-1+AS21,"NaN"),"NaN") -> NaN | ET21: =IFERROR(IF(BY21<AU21,BY21*-1+AU21,"NaN"),"NaN") -> NaN | EU21: =IFERROR(IF(BZ21<AV21,BZ21*-1+AV21,"NaN"),"NaN") -> 18.716482 | EV21: =IFERROR(IF(CA21<AY21,CA21*-1+AY21,"NaN"),"NaN") -> NaN | EW21: =IFERROR(IF(CB21<AZ21,CB21*-1+AZ21,"NaN"),"NaN") -> 0.013363632 | EX21: =IFERROR(IF(CC21<BB21,CC21*-1+BB21,"NaN"),"NaN") -> NaN | EY21: =IFERROR(IF(CD21<BC21,CD21*-1+BC21,"NaN"),"NaN") -> 64.191634
A22: 18995 | B22: 4S | C22: 4 | D22: S | E22: -2916.41 | F22: -70.9637 | G22: -112.9356 | H22: 302.5721 | I22: 146.59 | J22: 0.52836618 | K22: 1167.1833 | L22: 133.10855 | M22: 7.6677257 | N22: 160.75914 | O22: 1.113192 | P22: 9.0527684 | Q22: 30.993849 | R22: 27.152825 | S22: 0.012206956 | T22: 0.011002417 | U22: 0.007536368 | V22: 0.033027483 | W22: 0.000624475 | X22: 0.04198746 | Y22: 391.2383 | Z22: 398.82132 | AA22: NaN | AB22: 0.002603259 | AC22: 0.014673373 | AD22: 156.03043 | AE22: 0.00411917 | AF22: 201.89349 | AG22: 1.273033 | AH22: 0.044893033 | AI22: 0.15750447 | AJ22: 6.1266312 | AK22: 3128.6952 | AL22: 0.72544046 | AM22: 0.21378325 | AN22: NaN | AO22: 0.001711168 | AP22: NaN | AQ22: 0.029661488 | AR22: 0.16236447 | AS22: 152.79488 | AT22: 0.00950631 | AU22: 0.011211803 | AV22: 74.017361 | AW22: 0.005379199 | AX22: 0.014528666 | AY22: 3.5936814 | AZ22: 0.17109359 | BA22: 0.006379082 | BB22: 0.008755251 | BC22: 52.157262 | BD22: 0.3043311 | BE22: 0.057300041 | BF22: 198.97614 | BG22: 15.445329 | BH22: 0.49714461 | BI22: 15.074645 | BJ22: 0.086265837 | BK22: NaN | BL22: 2.4239894 | BM22: 2.4236981 | BN22: NaN | BO22: NaN | BP22: NaN | BQ22: 0.002331689 | BR22: NaN | BS22: 0.004053913 | BT22: 126.22154 | BU22: 127.84225 | BV22: NaN | BW22: NaN | BX22: 0.000323482 | BY22: 15.140873 | BZ22: 0.000669006 | CA22: 14.303505 | CB22: 0.052395624 | CC22: 0.004537698 | CD22: 0.017095138 | CE22: NaN | CF22: 1195.6438 | CG22: 0.062649309 | CH22: 0.024692291 | CI22: 0.32603471 | CJ22: 3.31587e-05 | CK22: NaN | CL22: 0.001923792 | CM22: 0.022021548 | CN22: 49.524079 | CO22: NaN | CP22: 0.0015537 | CQ22: 13.125685 | CR22: NaN | CS22: 0.02707717 | CT22: 0.40977986 | CU22: 0.019922766 | CV22: NaN | CW22: 0.000325576 | CX22: 17.781339 | CY22: 0.062250751 | CZ22: 0.7253104 | DA22: 199.98881 | DB22: 20.614873 | DC22: 7.9730402 | DD22: 0.46220393 | DE22: 1.0741033 | DF22: 0.94556962 | DG22: 79.295799 | DH22: 147.07443 | DI22: 154.09213 | DJ22: 0.14303968 | DK22: 255.48578 | DL22: 0.41307983 | DM22: 0.10297953 | DN22: 6.2501828 | DO22: 3257.2095 | DP22: 2.7157146 | DQ22: 0.025685838 | DR22: 0.054424487 | DS22: 156.02126 | DT22: 0.0096454765 | DU22: NaN | DV22: 6.0764928 | DW22: 0.15108649 | DX22: 0.0064784207 | DY22: 59.334011 | DZ22: =IFERROR(IF(BE22<J22,BE22*-1+J22,"NaN"),"NaN") -> 0.47106614 | EA22: =IFERROR(IF(BF22<K22,BF22*-1+K22,"NaN"),"NaN") -> 968.20715 | EB22: =IFERROR(IF(BG22<L22,BG22*-1+L22,"NaN"),"NaN") -> 117.66322 | EC22: =IFERROR(IF(BH22<M22,BH22*-1+M22,"NaN"),"NaN") -> 7.1705811 | ED22: =IFERROR(IF(BI22<N22,BI22*-1+N22,"NaN"),"NaN") -> 145.68449 | EE22: =IFERROR(IF(BJ22<O22,BJ22*-1+O22,"NaN"),"NaN") -> 1.0269261 | EF22: =IFERROR(IF(BK22<P22,BK22*-1+P22,"NaN"),"NaN") -> NaN | EG22: =IFERROR(IF(BL22<R22,BL22*-1+R22,"NaN"),"NaN") -> 24.728835 | EH22: =IFERROR(IF(BM22<Y22,BM22*-1+Y22,"NaN"),"NaN") -> 388.8146 | EI22: =IFERROR(IF(BN22<Z22,BN22*-1+Z22,"NaN"),"NaN") -> NaN | EJ22: =IFERROR(IF(BO22<AD22,BO22*-1+AD22,"NaN"),"NaN") -> NaN | EK22: =IFERROR(IF(BP22<AF22,BP22*-1+AF22,"NaN"),"NaN") -> NaN | EL22: =IFERROR(IF(BQ22<AG22,BQ22*-1+AG22,"NaN"),"NaN") -> 1.2707013 | EM22: =IFERROR(IF(BR22<AI22,BR22*-1+AI22,"NaN"),"NaN") -> NaN | EN22: =IFERROR(IF(BS22<AJ22,BS22*-1+AJ22,"NaN"),"NaN") -> 6.1225773 | EO22: =IFERROR(IF(BT22<AK22,BT22*-1+AK22,"NaN"),"NaN") -> 3002.4737 | EP22: =IFERROR(IF(BU22<AL22,BU22*-1+AL22,"NaN"),"NaN") -> NaN | EQ22: =IFERROR(IF(BV22<AM22,BV22*-1+AM22,"NaN"),"NaN") -> NaN | ER22: =IFERROR(IF(BW22<AP22,BW22*-1+AP22,"NaN"),"NaN") -> NaN | ES22: =IFERROR(IF(BX22<AS22,BX22*-1+AS22,"NaN"),"NaN") -> 152.79456 | ET22: =IFERROR(IF(BY22<AU22,BY22*-1+AU22,"NaN"),"NaN") -> NaN | EU22: =IFERROR(IF(BZ22<AV22,BZ22*-1+AV22,"NaN"),"NaN") -> 74.016692 | EV22: =IFERROR(IF(CA22<AY22,CA22*-1+AY22,"NaN"),"NaN") -> NaN | EW22: =IFERROR(IF(CB22<AZ22,CB22*-1+AZ22,"NaN"),"NaN") -> 0.11869796 | EX22: =IFERROR(IF(CC22<BB22,CC22*-1+BB22,"NaN"),"NaN") -> 0.004217553 | EY22: =IFERROR(IF(CD22<BC22,CD22*-1+BC22,"NaN"),"NaN") -> 52.140167
A23: 18996 | B23: 4S | C23: 4 | D23: S | E23: -2818.69 | F23: -70.9637 | G23: -112.9356 | H23: 302.5721 | I23: 244.31 | J23: 0.3430914 | K23: 2286.1283 | L23: 221.72388 | M23: 2.932306 | N23: 266.27276 | O23: 1.5046985 | P23: 1.5139229 | Q23: 34.704275 | R23: 31.932758 | S23: 0.033060362 | T23: 0.026894628 | U23: 0.013814045 | V23: 0.027131968 | W23: 0.005221627 | X23: 0.057802527 | Y23: 838.89 | Z23: 874.21224 | AA23: 0.051162213 | AB23: 0.004337058 | AC23: 0.030234217 | AD23: 256.53201 | AE23: 0.012031698 | AF23: 245.05731 | AG23: 0.52034123 | AH23: 0.085188886 | AI23: 0.28423072 | AJ23: 4.7686404 | AK23: 1435.2899 | AL23: 0.60965987 | AM23: 0.3726783 | AN23: NaN | AO23: 0.000927516 | AP23: 0.13096779 | AQ23: 0.051786863 | AR23: 0.26487835 | AS23: 26.258192 | AT23: 0.037780699 | AU23: 0.032693413 | AV23: 153.63948 | AW23: 0.015492881 | AX23: 0.003464878 | AY23: 4.0455987 | AZ23: 0.30858437 | BA23: 0.012500051 | BB23: 0.015744894 | BC23: 24.156172 | BD23: 0.99685805 | BE23: 0.018579544 | BF23: 343.20985 | BG23: 21.215496 | BH23: 0.10978716 | BI23: 21.00553 | BJ23: 0.14521948 | BK23: 0.76955784 | BL23: 1.9863346 | BM23: 1.8667888 | BN23: NaN | BO23: 0.000147006 | BP23: NaN | BQ23: 0.002158095 | BR23: NaN | BS23: 0.006565263 | BT23: 138.69783 | BU23: 141.67699 | BV23: NaN | BW23: NaN | BX23: 0.002099133 | BY23: 21.013746 | BZ23: 0.001270545 | CA23: 19.893067 | CB23: 0.016092568 | CC23: 0.009753784 | CD23: 0.035386927 | CE23: NaN | CF23: 346.74411 | CG23: 0.062010458 | CH23: 0.0462594 | CI23: 0.24542459 | CJ23: 9.99653e-05 | CK23: NaN | CL23: 0.005996768 | CM23: 0.043367673 | CN23: 17.575786 | CO23: NaN | CP23: 0.002228224 | CQ23: 22.662419 | CR23: 0.00084883 | CS23: 0.006869696 | CT23: 0.54541236 | CU23: 0.035547318 | CV23: 0.000498345 | CW23: 0.000921451 | CX23: 5.5503413 | CY23: 0.05446588 | CZ23: 0.5217235 | DA23: 431.84962 | DB23: 26.367224 | DC23: 3.3710868 | DD23: 0.7957432 | DE23: 1.4929744 | DF23: 3.1025685 | DG23: 22.843086 | DH23: 221.182 | DI23: 224.30017 | DJ23: 0.27426498 | DK23: 325.35581 | DL23: 0.20689755 | DM23: 0.24255004 | DN23: 4.7988349 | DO23: 1529.0504 | DP23: 0.70713323 | DQ23: 0.06106933 | DR23: 0.077352737 | DS23: 118.36288 | DT23: 0.022078693 | DU23: 1.4460552 | DV23: 4.3485514 | DW23: 0.32695957 | DX23: 0.013636931 | DY23: 26.819253 | DZ23: =IFERROR(IF(BE23<J23,BE23*-1+J23,"NaN"),"NaN") -> 0.32451186 | EA23: =IFERROR(IF(BF23<K23,BF23*-1+K23,"NaN"),"NaN") -> 1942.9184 | EB23: =IFERROR(IF(BG23<L23,BG23*-1+L23,"NaN"),"NaN") -> 200.50839 | EC23: =IFERROR(IF(BH23<M23,BH23*-1+M23,"NaN"),"NaN") -> 2.8225188 | ED23: =IFERROR(IF(BI23<N23,BI23*-1+N23,"NaN"),"NaN") -> 245.26723 | EE23: =IFERROR(IF(BJ23<O23,BJ23*-1+O23,"NaN"),"NaN") -> 1.3594791 | EF23: =IFERROR(IF(BK23<P23,BK23*-1+P23,"NaN"),"NaN") -> 0.74436506 | EG23: =IFERROR(IF(BL23<R23,BL23*-1+R23,"NaN"),"NaN") -> 29.946423 | EH23: =IFERROR(IF(BM23<Y23,BM23*-1+Y23,"NaN"),"NaN") -> 837.02321 | EI23: =IFERROR(IF(BN23<Z23,BN23*-1+Z23,"NaN"),"NaN") -> NaN | EJ23: =IFERROR(IF(BO23<AD23,BO23*-1+AD23,"NaN"),"NaN") -> 256.53186 | EK23: =IFERROR(IF(BP23<AF23,BP23*-1+AF23,"NaN"),"NaN") -> NaN | EL23: =IFERROR(IF(BQ23<AG23,BQ23*-1+AG23,"NaN"),"NaN") -> 0.51818314 | EM23: =IFERROR(IF(BR23<AI23,BR23*-1+AI23,"NaN"),"NaN") -> NaN | EN23: =IFERROR(IF(BS23<AJ23,BS23*-1+AJ23,"NaN"),"NaN") -> 4.7620751 | EO23: =IFERROR(IF(BT23<AK23,BT23*-1+AK23,"NaN"),"NaN") -> 1296.592 | EP23: =IFERROR(IF(BU23<AL23,BU23*-1+AL23,"NaN"),"NaN") -> NaN | EQ23: =IFERROR(IF(BV23<AM23,BV23*-1+AM23,"NaN"),"NaN") -> NaN | ER23: =IFERROR(IF(BW23<AP23,BW23*-1+AP23,"NaN"),"NaN") -> NaN | ES23: =IFERROR(IF(BX23<AS23,BX23*-1+AS23,"NaN"),"NaN") -> 26.256093 | ET23: =IFERROR(IF(BY23<AU23,BY23*-1+AU23,"NaN"),"NaN") -> NaN | EU23: =IFERROR(IF(BZ23<AV23,BZ23*-1+AV23,"NaN"),"NaN") -> 153.6382 | EV23: =IFERROR(IF(CA23<AY23,CA23*-1+AY23,"NaN"),"NaN") -> NaN | EW23: =IFERROR(IF(CB23<AZ23,CB23*-1+AZ23,"NaN"),"NaN") -> 0.2924918 | EX23: =IFERROR(IF(CC23<BB23,CC23*-1+BB23,"NaN"),"NaN") -> 0.00599111 | EY23: =IFERROR(IF(CD23<BC23,CD23*-1+BC23,"NaN"),"NaN") -> 24.120785
A24: 18997 | B24: 4S | C24: 4 | D24: S | E24: -2672.1 | F24: -70.9637 | G24: -112.9356 | H24: 302.5721 | I24: 390.9 | J24: 0.1762707 | K24: 697.64987 | L24: 260.08513 | M24: 0.67620745 | N24: 313.61187 | O24: 0.38784834 | P24: 3.4002628 | Q24: 29.592726 | R24: 27.40335 | S24: 0.00294446 | T24: 0.003494578 | U24: 0.003725219 | V24: 0.024195855 | W24: 0.001043481 | X24: 0.024929058 | Y24: 208.79569 | Z24: 221.37762 | AA24: 0.01241582 | AB24: 0.00145475 | AC24: 0.008039702 | AD24: 298.63613 | AE24: 0.002335064 | AF24: 36.062414 | AG24: 0.56383448 | AH24: 0.021858213 | AI24: 0.075425941 | AJ24: 5.412262 | AK24: 959.67478 | AL24: 0.12893448 | AM24: 0.10821292 | AN24: NaN | AO24: 0.001166376 | AP24: NaN | AQ24: 0.01126598 | AR24: 0.08619922 | AS24: 86.767433 | AT24: NaN | AU24: 0.005521091 | AV24: 49.765781 | AW24: 0.002544284 | AX24: NaN | AY24: 1.1073145 | AZ24: 0.11043664 | BA24: 0.002362123 | BB24: 0.002920968 | BC24: 16.781005 | BD24: 0.16535585 | BE24: 0.050923272 | BF24: 233.42955 | BG24: 21.992757 | BH24: 0.2014223 | BI24: 21.565719 | BJ24: 0.10033747 | BK24: 0.86176586 | BL24: 2.6440141 | BM24: 2.4477401 | BN24: NaN | BO24: NaN | BP24: NaN | BQ24: 0.001695486 | BR24: NaN | BS24: 0.003423421 | BT24: 69.765717 | BU24: 71.973867 | BV24: NaN | BW24: 0.000235836 | BX24: 0.000630687 | BY24: 21.774501 | BZ24: 0.00043721 | CA24: 7.2399628 | CB24: 0.028543382 | CC24: 0.004596977 | CD24: 0.018019508 | CE24: NaN | CF24: 1346.9591 | CG24: 0.079705479 | CH24: 0.02808905 | CI24: 0.32730357 | CJ24: NaN | CK24: NaN | CL24: 0.001806812 | CM24: 0.025389185 | CN24: 10.458436 | CO24: NaN | CP24: 0.001068806 | CQ24: 24.089365 | CR24: NaN | CS24: 0.012143185 | CT24: 0.23141212 | CU24: 0.02006361 | CV24: NaN | CW24: 0.000529807 | CX24: 21.294503 | CY24: 0.032070426 | CZ24: 0.27829686 | DA24: 172.58573 | DB24: 30.30695 | DC24: 0.72866828 | DD24: 0.17457394 | DE24: 0.35403476 | DF24: 6.8448948 | DG24: 19.442673 | DH24: 94.780554 | DI24: 99.022552 | DJ24: 0.094116264 | DK24: 44.516177 | DL24: NaN | DM24: 0.069369977 | DN24: 4.4094357 | DO24: 1014.1055 | DP24: 0.13744243 | DQ24: 0.01764958 | DR24: 0.044035593 | DS24: 124.48325 | DT24: 0.0049109385 | DU24: NaN | DV24: 1.8510895 | DW24: 0.1471102 | DX24: 0.005921729 | DY24: 16.857666 | DZ24: =IFERROR(IF(BE24<J24,BE24*-1+J24,"NaN"),"NaN") -> 0.12534743 | EA24: =IFERROR(IF(BF24<K24,BF24*-1+K24,"NaN"),"NaN") -> 464.22032 | EB24: =IFERROR(IF(BG24<L24,BG24*-1+L24,"NaN"),"NaN") -> 238.09237 | EC24: =IFERROR(IF(BH24<M24,BH24*-1+M24,"NaN"),"NaN") -> 0.47478515 | ED24: =IFERROR(IF(BI24<N24,BI24*-1+N24,"NaN"),"NaN") -> 292.04615 | EE24: =IFERROR(IF(BJ24<O24,BJ24*-1+O24,"NaN"),"NaN") -> 0.28751087 | EF24: =IFERROR(IF(BK24<P24,BK24*-1+P24,"NaN"),"NaN") -> 2.538497 | EG24: =IFERROR(IF(BL24<R24,BL24*-1+R24,"NaN"),"NaN") -> 24.759336 | EH24: =IFERROR(IF(BM24<Y24,BM24*-1+Y24,"NaN"),"NaN") -> 206.34795 | EI24: =IFERROR(IF(BN24<Z24,BN24*-1+Z24,"NaN"),"NaN") -> NaN | EJ24: =IFERROR(IF(BO24<AD24,BO24*-1+AD24,"NaN"),"NaN") -> NaN | EK24: =IFERROR(IF(BP24<AF24,BP24*-1+AF24,"NaN"),"NaN") -> NaN | EL24: =IFERROR(IF(BQ24<AG24,BQ24*-1+AG24,"NaN"),"NaN") -> 0.562139 | EM24: =IFERROR(IF(BR24<AI24,BR24*-1+AI24,"NaN"),"NaN") -> NaN | EN24: =IFERROR(IF(BS24<AJ24,BS24*-1+AJ24,"NaN"),"NaN") -> 5.4088386 | EO24: =IFERROR(IF(BT24<AK24,BT24*-1+AK24,"NaN"),"NaN") -> 889.90906 | EP24: =IFERROR(IF(BU24<AL24,BU24*-1+AL24,"NaN"),"NaN") -> NaN | EQ24: =IFERROR(IF(BV24<AM24,BV24*-1+AM24,"NaN"),"NaN") -> NaN | ER24: =IFERROR(IF(BW24<AP24,BW24*-1+AP24,"NaN"),"NaN") -> NaN | ES24: =IFERROR(IF(BX24<AS24,BX24*-1+AS24,"NaN"),"NaN") -> 86.766802 | ET24: =IFERROR(IF(BY24<AU24,BY24*-1+AU24,"NaN"),"NaN") -> NaN | EU24: =IFERROR(IF(BZ24<AV24,BZ24*-1+AV24,"NaN"),"NaN") -> 49.765344 | EV24: =IFERROR(IF(CA24<AY24,CA24*-1+AY24,"NaN"),"NaN") -> NaN | EW24: =IFERROR(IF(CB24<AZ24,CB24*-1+AZ24,"NaN"),"NaN") -> 0.081893263 | EX24: =IFERROR(IF(CC24<BB24,CC24*-1+BB24,"NaN"),"NaN") -> NaN | EY24: =IFERROR(IF(CD24<BC24,CD24*-1+BC24,"NaN"),"NaN") -> 16.762985
A25: 18998 | B25: 4S | C25: 4 | D25: S | E25: -2427.78 | F25: -70.9637 | G25: -112.9356 | H25: 302.5721 | I25: 635.22 | J25: 0.14951354 | K25: 309.42069 | L25: 279.52941 | M25: 0.47614115 | N25: 331.66666 | O25: 0.51018783 | P25: 2.2792467 | Q25: 35.18621 | R25: 31.833625 | S25: NaN | T25: 0.002221211 | U25: 0.004626696 | V25: 0.043293053 | W25: NaN | X25: 0.040242741 | Y25: 268.6361 | Z25: 274.82503 | AA25: NaN | AB25: 0.001769204 | AC25: 0.008136724 | AD25: 324.86046 | AE25: 0.002267729 | AF25: 45.507352 | AG25: 0.29520371 | AH25: 0.033467367 | AI25: 0.12208873 | AJ25: 5.8241759 | AK25: 852.11656 | AL25: 0.14765966 | AM25: 0.16560278 | AN25: NaN | AO25: 0.001606037 | AP25: NaN | AQ25: 0.01941745 | AR25: 0.12589786 | AS25: NaN | AT25: NaN | AU25: 6.09358e-05 | AV25: 85.722386 | AW25: 0.0020305 | AX25: NaN | AY25: 1.5308848 | AZ25: 0.11980289 | BA25: NaN | BB25: 0.003454542 | BC25: 43.98279 | BD25: 0.18427057 | BE25: 0.008582399 | BF25: 210.50922 | BG25: 14.376421 | BH25: 0.079461769 | BI25: 14.202221 | BJ25: 0.064865856 | BK25: 2.279754 | BL25: 1.4579353 | BM25: 1.3832844 | BN25: NaN | BO25: NaN | BP25: NaN | BQ25: 0.001388617 | BR25: NaN | BS25: 0.003076618 | BT25: 80.064742 | BU25: 82.661865 | BV25: NaN | BW25: NaN | BX25: 8.90969e-05 | BY25: 14.26728 | BZ25: 0.00060778 | CA25: 5.7623321 | CB25: 0.078706272 | CC25: 0.004224298 | CD25: 0.016463594 | CE25: NaN | CF25: 193.47062 | CG25: 0.036180054 | CH25: 0.020375008 | CI25: 0.17988082 | CJ25: NaN | CK25: NaN | CL25: 0.001581544 | CM25: 0.021143912 | CN25: 7.1643702 | CO25: NaN | CP25: 0.001325461 | CQ25: 13.799823 | CR25: NaN | CS25: 0.00357896 | CT25: 0.34152182 | CU25: 0.014443795 | CV25: NaN | CW25: 0.00038419 | CX25: 7.0064909 | CY25: 0.024627626 | CZ25: 0.13888244 | DA25: 193.50174 | DB25: 35.329017 | DC25: 0.3263281 | DD25: 0.15969957 | DE25: 0.25836437 | DF25: 7.2113234 | DG25: 15.61539 | DH25: 89.168931 | DI25: 92.204324 | DJ25: 0.089587433 | DK25: 32.235925 | DL25: NaN | DM25: 0.06746267 | DN25: 2.2630546 | DO25: 602.01123 | DP25: 0.093367364 | DQ25: 0.016719966 | DR25: 0.0329454 | DS25: NaN | DT25: 0.0049470345 | DU25: 0.44167269 | DV25: 1.0344666 | DW25: 0.11968102 | DX25: 0.004304773 | DY25: 29.12196 | DZ25: =IFERROR(IF(BE25<J25,BE25*-1+J25,"NaN"),"NaN") -> 0.14093114 | EA25: =IFERROR(IF(BF25<K25,BF25*-1+K25,"NaN"),"NaN") -> 98.911465 | EB25: =IFERROR(IF(BG25<L25,BG25*-1+L25,"NaN"),"NaN") -> 265.15299 | EC25: =IFERROR(IF(BH25<M25,BH25*-1+M25,"NaN"),"NaN") -> 0.39667938 | ED25: =IFERROR(IF(BI25<N25,BI25*-1+N25,"NaN"),"NaN") -> 317.46444 | EE25: =IFERROR(IF(BJ25<O25,BJ25*-1+O25,"NaN"),"NaN") -> 0.44532197 | EF25: =IFERROR(IF(BK25<P25,BK25*-1+P25,"NaN"),"NaN") -> NaN | EG25: =IFERROR(IF(BL25<R25,BL25*-1+R25,"NaN"),"NaN") -> 30.37569 | EH25: =IFERROR(IF(BM25<Y25,BM25*-1+Y25,"NaN"),"NaN") -> 267.25281 | EI25: =IFERROR(IF(BN25<Z25,BN25*-1+Z25,"NaN"),"NaN") -> NaN | EJ25: =IFERROR(IF(BO25<AD25,BO25*-1+AD25,"NaN"),"NaN") -> NaN | EK25: =IFERROR(IF(BP25<AF25,BP25*-1+AF25,"NaN"),"NaN") -> NaN | EL25: =IFERROR(IF(BQ25<AG25,BQ25*-1+AG25,"NaN"),"NaN") -> 0.29381509 | EM25: =IFERROR(IF(BR25<AI25,BR25*-1+AI25,"NaN"),"NaN") -> NaN | EN25: =IFERROR(IF(BS25<AJ25,BS25*-1+AJ25,"NaN"),"NaN") -> 5.8210992 | EO25: =IFERROR(IF(BT25<AK25,BT25*-1+AK25,"NaN"),"NaN") -> 772.05182 | EP25: =IFERROR(IF(BU25<AL25,BU25*-1+AL25,"NaN"),"NaN") -> NaN | EQ25: =IFERROR(IF(BV25<AM25,BV25*-1+AM25,"NaN"),"NaN") -> NaN | ER25: =IFERROR(IF(BW25<AP25,BW25*-1+AP25,"NaN"),"NaN") -> NaN | ES25: =IFERROR(IF(BX25<AS25,BX25*-1+AS25,"NaN"),"NaN") -> NaN | ET25: =IFERROR(IF(BY25<AU25,BY25*-1+AU25,"NaN"),"NaN") -> NaN | EU25: =IFERROR(IF(BZ25<AV25,BZ25*-1+AV25,"NaN"),"NaN") -> 85.721778 | EV25: =IFERROR(IF(CA25<AY25,CA25*-1+AY25,"NaN"),"NaN") -> NaN | EW25: =IFERROR(IF(CB25<AZ25,CB25*-1+AZ25,"NaN"),"NaN") -> 0.041096615 | EX25: =IFERROR(IF(CC25<BB25,CC25*-1+BB25,"NaN"),"NaN") -> NaN | EY25: =IFERROR(IF(CD25<BC25,CD25*-1+BC25,"NaN"),"NaN") -> 43.966327
A26: 19025 | B26: 4D | C26: 4 | D26: D | E26: -1968.17 | F26: -70.9637 | G26: -112.9356 | H26: 302.5721 | I26: 1094.83 | J26: 0.10567802 | K26: 226.61391 | L26: 220.76423 | M26: 0.3426754 | N26: 265.15115 | O26: 0.27559323 | P26: 1.8554146 | Q26: 34.540084 | R26: 30.827073 | S26: NaN | T26: NaN | U26: 0.001598166 | V26: 0.032019886 | W26: NaN | X26: 0.023531698 | Y26: 98.191945 | Z26: 104.19999 | AA26: NaN | AB26: 0.000792388 | AC26: 0.003501004 | AD26: 254.24654 | AE26: NaN | AF26: 25.8283 | AG26: 0.89924494 | AH26: 0.008439711 | AI26: 0.035287231 | AJ26: 1.6541131 | AK26: 841.60263 | AL26: 0.085107474 | AM26: 0.049940481 | AN26: 3.0389525 | AO26: 0.001787856 | AP26: NaN | AQ26: 0.006637396 | AR26: 0.099086827 | AS26: 198.00319 | AT26: NaN | AU26: 0.000716958 | AV26: 26.901897 | AW26: NaN | AX26: 0.044382207 | AY26: 1.0978193 | AZ26: 0.049609946 | BA26: NaN | BB26: NaN | BC26: 11.356374 | BD26: 0.05829129 | BE26: 0.010455149 | BF26: 67.33351 | BG26: 20.162562 | BH26: 0.10574731 | BI26: 19.851359 | BJ26: 0.030738254 | BK26: 0.76886473 | BL26: 2.2337327 | BM26: 2.1679702 | BN26: NaN | BO26: NaN | BP26: NaN | BQ26: 0.00173247 | BR26: NaN | BS26: 0.001221769 | BT26: 20.560985 | BU26: 21.11963 | BV26: NaN | BW26: NaN | BX26: NaN | BY26: 19.968748 | BZ26: NaN | CA26: 2.7339814 | CB26: 0.034657287 | CC26: NaN | CD26: 0.003431271 | CE26: NaN | CF26: 180.44695 | CG26: 0.011467877 | CH26: 0.005587906 | CI26: 0.13271836 | CJ26: 3.02433e-05 | CK26: NaN | CL26: NaN | CM26: 0.006429958 | CN26: 9.8058381 | CO26: NaN | CP26: 8.40431e-05 | CQ26: 3.1531694 | CR26: NaN | CS26: 0.003842832 | CT26: 0.11060475 | CU26: NaN | CV26: NaN | CW26: NaN | CX26: 33.774802 | CY26: NaN | CZ26: NaN | DA26: NaN | DB26: NaN | DC26: NaN | DD26: NaN | DE26: NaN | DF26: NaN | DG26: NaN | DH26: NaN | DI26: NaN | DJ26: NaN | DK26: NaN | DL26: NaN | DM26: NaN | DN26: NaN | DO26: NaN | DP26: NaN | DQ26: NaN | DR26: NaN | DS26: NaN | DT26: NaN | DU26: NaN | DV26: NaN | DW26: NaN | DX26: NaN | DY26: NaN | DZ26: =IFERROR(IF(BE26<J26,BE26*-1+J26,"NaN"),"NaN") -> 0.095222866 | EA26: =IFERROR(IF(BF26<K26,BF26*-1+K26,"NaN"),"NaN") -> 159.2804 | EB26: =IFERROR(IF(BG26<L26,BG26*-1+L26,"NaN"),"NaN") -> 200.60167 | EC26: =IFERROR(IF(BH26<M26,BH26*-1+M26,"NaN"),"NaN") -> 0.2369281 | ED26: =IFERROR(IF(BI26<N26,BI26*-1+N26,"NaN"),"NaN") -> 245.29979 | EE26: =IFERROR(IF(BJ26<O26,BJ26*-1+O26,"NaN"),"NaN") -> 0.24485498 | EF26: =IFERROR(IF(BK26<P26,BK26*-1+P26,"NaN"),"NaN") -> 1.0865499 | EG26: =IFERROR(IF(BL26<R26,BL26*-1+R26,"NaN"),"NaN") -> 28.59334 | EH26: =IFERROR(IF(BM26<Y26,BM26*-1+Y26,"NaN"),"NaN") -> 96.023975 | EI26: =IFERROR(IF(BN26<Z26,BN26*-1+Z26,"NaN"),"NaN") -> NaN | EJ26: =IFERROR(IF(BO26<AD26,BO26*-1+AD26,"NaN"),"NaN") -> NaN | EK26: =IFERROR(IF(BP26<AF26,BP26*-1+AF26,"NaN"),"NaN") -> NaN | EL26: =IFERROR(IF(BQ26<AG26,BQ26*-1+AG26,"NaN"),"NaN") -> 0.89751247 | EM26: =IFERROR(IF(BR26<AI26,BR26*-1+AI26,"NaN"),"NaN") -> NaN | EN26: =IFERROR(IF(BS26<AJ26,BS26*-1+AJ26,"NaN"),"NaN") -> 1.6528913 | EO26: =IFERROR(IF(BT26<AK26,BT26*-1+AK26,"NaN"),"NaN") -> 821.04165 | EP26: =IFERROR(IF(BU26<AL26,BU26*-1+AL26,"NaN"),"NaN") -> NaN | EQ26: =IFERROR(IF(BV26<AM26,BV26*-1+AM26,"NaN"),"NaN") -> NaN | ER26: =IFERROR(IF(BW26<AP26,BW26*-1+AP26,"NaN"),"NaN") -> NaN | ES26: =IFERROR(IF(BX26<AS26,BX26*-1+AS26,"NaN"),"NaN") -> NaN | ET26: =IFERROR(IF(BY26<AU26,BY26*-1+AU26,"NaN"),"NaN") -> NaN | EU26: =IFERROR(IF(BZ26<AV26,BZ26*-1+AV26,"NaN"),"NaN") -> NaN | EV26: =IFERROR(IF(CA26<AY26,CA26*-1+AY26,"NaN"),"NaN") -> NaN | EW26: =IFERROR(IF(CB26<AZ26,CB26*-1+AZ26,"NaN"),"NaN") -> 0.014952659 | EX26: =IFERROR(IF(CC26<BB26,CC26*-1+BB26,"NaN"),"NaN") -> NaN | EY26: =IFERROR(IF(CD26<BC26,CD26*-1+BC26,"NaN"),"NaN") -> 11.352942
A27: 19026 | B27: 4D | C27: 4 | D27: D | E27: -1470.52 | F27: -70.9637 | G27: -112.9356 | H27: 302.5721 | I27: 1592.48 | J27: 0.067126871 | K27: 565.49759 | L27: 189.63479 | M27: 0.17831292 | N27: 228.51757 | O27: 0.34911334 | P27: 2.404165 | Q27: 29.169419 | R27: 26.436923 | S27: NaN | T27: NaN | U27: 0.002824496 | V27: 0.03356945 | W27: NaN | X27: 0.026155538 | Y27: 192.53591 | Z27: 204.72833 | AA27: NaN | AB27: 0.000773273 | AC27: 0.004381355 | AD27: 220.98763 | AE27: 0.001062881 | AF27: 48.194149 | AG27: 0.11296805 | AH27: 0.013629241 | AI27: 0.057857663 | AJ27: 1.4652577 | AK27: 526.13012 | AL27: 0.069442606 | AM27: 0.075524982 | AN27: NaN | AO27: 0.001256158 | AP27: NaN | AQ27: 0.008221127 | AR27: 0.080910472 | AS27: NaN | AT27: NaN | AU27: 0.000426462 | AV27: 40.269566 | AW27: 0.000255918 | AX27: NaN | AY27: 1.2578045 | AZ27: 0.079390771 | BA27: NaN | BB27: 0.001707135 | BC27: 16.182955 | BD27: 0.044593706 | BE27: NaN | BF27: 89.563512 | BG27: 11.689326 | BH27: 0.028251799 | BI27: 11.350863 | BJ27: 0.026624568 | BK27: NaN | BL27: 1.4828962 | BM27: 1.3903657 | BN27: NaN | BO27: NaN | BP27: NaN | BQ27: 0.000461743 | BR27: NaN | BS27: 0.001359496 | BT27: 26.911332 | BU27: 27.334671 | BV27: NaN | BW27: NaN | BX27: NaN | BY27: 11.363018 | BZ27: NaN | CA27: 4.1839933 | CB27: 0.040911931 | CC27: 0.000435268 | CD27: 0.00515798 | CE27: NaN | CF27: 55.916739 | CG27: 0.010617278 | CH27: 0.008251758 | CI27: 0.059178572 | CJ27: 4.37898e-05 | CK27: NaN | CL27: NaN | CM27: 0.010683437 | CN27: 1.4470371 | CO27: NaN | CP27: 8.69013e-05 | CQ27: 9.8690005 | CR27: NaN | CS27: 0.001505715 | CT27: 0.11369136 | CU27: 0.00113747 | CV27: NaN | CW27: NaN | CX27: 6.0313496 | CY27: NaN | CZ27: NaN | DA27: NaN | DB27: NaN | DC27: NaN | DD27: NaN | DE27: NaN | DF27: NaN | DG27: NaN | DH27: NaN | DI27: NaN | DJ27: NaN | DK27: NaN | DL27: NaN | DM27: NaN | DN27: NaN | DO27: NaN | DP27: NaN | DQ27: NaN | DR27: NaN | DS27: NaN | DT27: NaN | DU27: NaN | DV27: NaN | DW27: NaN | DX27: NaN | DY27: NaN | DZ27: =IFERROR(IF(BE27<J27,BE27*-1+J27,"NaN"),"NaN") -> NaN | EA27: =IFERROR(IF(BF27<K27,BF27*-1+K27,"NaN"),"NaN") -> 475.93408 | EB27: =IFERROR(IF(BG27<L27,BG27*-1+L27,"NaN"),"NaN") -> 177.94547 | EC27: =IFERROR(IF(BH27<M27,BH27*-1+M27,"NaN"),"NaN") -> 0.15006112 | ED27: =IFERROR(IF(BI27<N27,BI27*-1+N27,"NaN"),"NaN") -> 217.16671 | EE27: =IFERROR(IF(BJ27<O27,BJ27*-1+O27,"NaN"),"NaN") -> 0.32248877 | EF27: =IFERROR(IF(BK27<P27,BK27*-1+P27,"NaN"),"NaN") -> NaN | EG27: =IFERROR(IF(BL27<R27,BL27*-1+R27,"NaN"),"NaN") -> 24.954026 | EH27: =IFERROR(IF(BM27<Y27,BM27*-1+Y27,"NaN"),"NaN") -> 191.14554 | EI27: =IFERROR(IF(BN27<Z27,BN27*-1+Z27,"NaN"),"NaN") -> NaN | EJ27: =IFERROR(IF(BO27<AD27,BO27*-1+AD27,"NaN"),"NaN") -> NaN | EK27: =IFERROR(IF(BP27<AF27,BP27*-1+AF27,"NaN"),"NaN") -> NaN | EL27: =IFERROR(IF(BQ27<AG27,BQ27*-1+AG27,"NaN"),"NaN") -> 0.1125063 | EM27: =IFERROR(IF(BR27<AI27,BR27*-1+AI27,"NaN"),"NaN") -> NaN | EN27: =IFERROR(IF(BS27<AJ27,BS27*-1+AJ27,"NaN"),"NaN") -> 1.4638982 | EO27: =IFERROR(IF(BT27<AK27,BT27*-1+AK27,"NaN"),"NaN") -> 499.21879 | EP27: =IFERROR(IF(BU27<AL27,BU27*-1+AL27,"NaN"),"NaN") -> NaN | EQ27: =IFERROR(IF(BV27<AM27,BV27*-1+AM27,"NaN"),"NaN") -> NaN | ER27: =IFERROR(IF(BW27<AP27,BW27*-1+AP27,"NaN"),"NaN") -> NaN | ES27: =IFERROR(IF(BX27<AS27,BX27*-1+AS27,"NaN"),"NaN") -> NaN | ET27: =IFERROR(IF(BY27<AU27,BY27*-1+AU27,"NaN"),"NaN") -> NaN | EU27: =IFERROR(IF(BZ27<AV27,BZ27*-1+AV27,"NaN"),"NaN") -> NaN | EV27: =IFERROR(IF(CA27<AY27,CA27*-1+AY27,"NaN"),"NaN") -> NaN | EW27: =IFERROR(IF(CB27<AZ27,CB27*-1+AZ27,"NaN"),"NaN") -> 0.03847884 | EX27: =IFERROR(IF(CC27<BB27,CC27*-1+BB27,"NaN"),"NaN") -> 0.001271867 | EY27: =IFERROR(IF(CD27<BC27,CD27*-1+BC27,"NaN"),"NaN") -> 16.177797
A28: 19027 | B28: 4D | C28: 4 | D28: D | E28: -972.87 | F28: -70.9637 | G28: -112.9356 | H28: 302.5721 | I28: 2090.13 | J28: 0.070414536 | K28: 931.55627 | L28: 167.3814 | M28: 0.331478 | N28: 200.58894 | O28: 0.47818286 | P28: NaN | Q28: 32.78472 | R28: 30.025156 | S28: 2.24765e-05 | T28: 0.003204662 | U28: 0.002965496 | V28: 0.02031986 | W28: 0.001006527 | X28: 0.027025111 | Y28: 317.46035 | Z28: 347.88484 | AA28: NaN | AB28: 0.001013994 | AC28: 0.006971853 | AD28: 194.44837 | AE28: 0.000406457 | AF28: 79.002224 | AG28: NaN | AH28: 0.022276159 | AI28: 0.090679389 | AJ28: 2.2567547 | AK28: 2587.1656 | AL28: 0.11229624 | AM28: 0.11099562 | AN28: NaN | AO28: 0.000892342 | AP28: 0.010752351 | AQ28: 0.014940322 | AR28: 0.10064076 | AS28: NaN | AT28: NaN | AU28: 0.006490359 | AV28: 57.417555 | AW28: 0.001187757 | AX28: NaN | AY28: 1.3572436 | AZ28: 0.12176566 | BA28: 0.000308688 | BB28: 0.001145584 | BC28: 11.041703 | BD28: 0.26858536 | BE28: 0.004538073 | BF28: 207.49142 | BG28: 15.725118 | BH28: 0.10548212 | BI28: 15.433017 | BJ28: 0.082093386 | BK28: NaN | BL28: 2.2939376 | BM28: 2.2937838 | BN28: NaN | BO28: NaN | BP28: NaN | BQ28: 0.001819783 | BR28: NaN | BS28: 0.0033125 | BT28: 65.430115 | BU28: 64.437381 | BV28: NaN | BW28: NaN | BX28: NaN | BY28: 15.439521 | BZ28: 0.000206 | CA28: 10.154716 | CB28: 0.04797232 | CC28: 0.003471692 | CD28: 0.01332946 | CE28: NaN | CF28: 236.47062 | CG28: 0.023908893 | CH28: 0.018325235 | CI28: 0.13535187 | CJ28: 6.9406e-05 | CK28: NaN | CL28: 0.00068396 | CM28: 0.019680936 | CN28: 5.4514695 | CO28: NaN | CP28: 0.000552967 | CQ28: 17.497731 | CR28: NaN | CS28: 0.002033512 | CT28: 0.20412649 | CU28: 0.014926019 | CV28: NaN | CW28: 0.000503467 | CX28: 2.0246266 | CY28: 0.01904657 | CZ28: 0.10387868 | DA28: 157.36793 | DB28: 16.287295 | DC28: 0.38696117 | DD28: 0.28304037 | DE28: 0.52317872 | DF28: 4.580287 | DG28: 25.146061 | DH28: 177.46639 | DI28: 180.6808 | DJ28: 0.10707443 | DK28: 102.30824 | DL28: NaN | DM28: 0.096095045 | DN28: 2.1427126 | DO28: 1875.213 | DP28: 0.12843296 | DQ28: 0.024757876 | DR28: 0.053727071 | DS28: 99.143434 | DT28: 0.0064869816 | DU28: 1.3714374 | DV28: 1.6319136 | DW28: 0.14540453 | DX28: 0.0065234448 | DY28: 9.6658364 | DZ28: =IFERROR(IF(BE28<J28,BE28*-1+J28,"NaN"),"NaN") -> 0.065876463 | EA28: =IFERROR(IF(BF28<K28,BF28*-1+K28,"NaN"),"NaN") -> 724.06485 | EB28: =IFERROR(IF(BG28<L28,BG28*-1+L28,"NaN"),"NaN") -> 151.65629 | EC28: =IFERROR(IF(BH28<M28,BH28*-1+M28,"NaN"),"NaN") -> 0.22599588 | ED28: =IFERROR(IF(BI28<N28,BI28*-1+N28,"NaN"),"NaN") -> 185.15592 | EE28: =IFERROR(IF(BJ28<O28,BJ28*-1+O28,"NaN"),"NaN") -> 0.39608947 | EF28: =IFERROR(IF(BK28<P28,BK28*-1+P28,"NaN"),"NaN") -> NaN | EG28: =IFERROR(IF(BL28<R28,BL28*-1+R28,"NaN"),"NaN") -> 27.731219 | EH28: =IFERROR(IF(BM28<Y28,BM28*-1+Y28,"NaN"),"NaN") -> 315.16657 | EI28: =IFERROR(IF(BN28<Z28,BN28*-1+Z28,"NaN"),"NaN") -> NaN | EJ28: =IFERROR(IF(BO28<AD28,BO28*-1+AD28,"NaN"),"NaN") -> NaN | EK28: =IFERROR(IF(BP28<AF28,BP28*-1+AF28,"NaN"),"NaN") -> NaN | EL28: =IFERROR(IF(BQ28<AG28,BQ28*-1+AG28,"NaN"),"NaN") -> NaN | EM28: =IFERROR(IF(BR28<AI28,BR28*-1+AI28,"NaN"),"NaN") -> NaN | EN28: =IFERROR(IF(BS28<AJ28,BS28*-1+AJ28,"NaN"),"NaN") -> 2.2534422 | EO28: =IFERROR(IF(BT28<AK28,BT28*-1+AK28,"NaN"),"NaN") -> 2521.7355 | EP28: =IFERROR(IF(BU28<AL28,BU28*-1+AL28,"NaN"),"NaN") -> NaN | EQ28: =IFERROR(IF(BV28<AM28,BV28*-1+AM28,"NaN"),"NaN") -> NaN | ER28: =IFERROR(IF(BW28<AP28,BW28*-1+AP28,"NaN"),"NaN") -> NaN | ES28: =IFERROR(IF(BX28<AS28,BX28*-1+AS28,"NaN"),"NaN") -> NaN | ET28: =IFERROR(IF(BY28<AU28,BY28*-1+AU28,"NaN"),"NaN") -> NaN | EU28: =IFERROR(IF(BZ28<AV28,BZ28*-1+AV28,"NaN"),"NaN") -> 57.417349 | EV28: =IFERROR(IF(CA28<AY28,CA28*-1+AY28,"NaN"),"NaN") -> NaN | EW28: =IFERROR(IF(CB28<AZ28,CB28*-1+AZ28,"NaN"),"NaN") -> 0.073793337 | EX28: =IFERROR(IF(CC28<BB28,CC28*-1+BB28,"NaN"),"NaN") -> NaN | EY28: =IFERROR(IF(CD28<BC28,CD28*-1+BC28,"NaN"),"NaN") -> 11.028374
A29: 19028 | B29: 4D | C29: 4 | D29: D | E29: -84.07 | F29: -70.9637 | G29: -112.9356 | H29: 302.5721 | I29: 2978.93 | J29: 0.067633069 | K29: 4647.8948 | L29: 167.10005 | M29: 0.18905792 | N29: 200.90442 | O29: 1.1829216 | P29: 6.5403066 | Q29: 24.224005 | R29: 21.456904 | S29: 0.037294909 | T29: 0.033408186 | U29: 0.018639374 | V29: 0.041755256 | W29: 0.007185435 | X29: 0.070310829 | Y29: 1641.4607 | Z29: 1685.6189 | AA29: 0.021727952 | AB29: 0.00570641 | AC29: 0.036988785 | AD29: 194.88996 | AE29: 0.014594782 | AF29: 131.11112 | AG29: 0.13183489 | AH29: 0.081412473 | AI29: 0.29532824 | AJ29: 2.865555 | AK29: 593.90538 | AL29: 0.24972542 | AM29: 0.34173092 | AN29: NaN | AO29: 0.001152569 | AP29: 0.50396763 | AQ29: 0.057570305 | AR29: 0.24732167 | AS29: NaN | AT29: 0.041118267 | AU29: 0.029686884 | AV29: 215.15723 | AW29: 0.017173244 | AX29: NaN | AY29: 5.3111751 | AZ29: 0.38069366 | BA29: 0.017558161 | BB29: 0.017896073 | BC29: 14.920909 | BD29: 0.73665254 | BE29: 0.01640526 | BF29: 1111.9137 | BG29: 21.38897 | BH29: 0.10844099 | BI29: 21.18863 | BJ29: 0.28014935 | BK29: 3.2644329 | BL29: 3.3797609 | BM29: 3.0966293 | BN29: 0.005019201 | BO29: 0.005419055 | BP29: NaN | BQ29: 0.00313795 | BR29: 0.000598446 | BS29: 0.01411666 | BT29: 382.81971 | BU29: 392.4427 | BV29: 0.004179853 | BW29: 0.000808104 | BX29: 0.007539401 | BY29: 21.334212 | BZ29: 0.003178122 | CA29: 26.31922 | CB29: 0.081403988 | CC29: 0.01962111 | CD29: 0.071462847 | CE29: NaN | CF29: 293.61545 | CG29: 0.073929053 | CH29: 0.077037844 | CI29: 0.60660906 | CJ29: 0.0001341 | CK29: 0.087430278 | CL29: 0.012834646 | CM29: 0.07775546 | CN29: 2.5278519 | CO29: 0.004202068 | CP29: 0.006251179 | CQ29: 60.422909 | CR29: 0.00281444 | CS29: 0.004594812 | CT29: 1.2447224 | CU29: 0.090696982 | CV29: 0.002865821 | CW29: 0.002448484 | CX29: 11.843595 | CY29: 0.18754673 | CZ29: 0.08087471 | DA29: 829.41095 | DB29: 16.993378 | DC29: 0.2219406 | DD29: 0.53708782 | DE29: 0.83840953 | DF29: NaN | DG29: 16.821047 | DH29: 433.06964 | DI29: 449.51976 | DJ29: 0.19282766 | DK29: 126.75217 | DL29: NaN | DM29: 0.20807525 | DN29: 2.0130908 | DO29: 538.82156 | DP29: 0.19824508 | DQ29: 0.051383514 | DR29: 0.11967217 | DS29: NaN | DT29: 0.016527772 | DU29: 7.1842748 | DV29: 1.5632704 | DW29: 0.24592979 | DX29: 0.0091485484 | DY29: 7.6586681 | DZ29: =IFERROR(IF(BE29<J29,BE29*-1+J29,"NaN"),"NaN") -> 0.051227809 | EA29: =IFERROR(IF(BF29<K29,BF29*-1+K29,"NaN"),"NaN") -> 3535.9811 | EB29: =IFERROR(IF(BG29<L29,BG29*-1+L29,"NaN"),"NaN") -> 145.71108 | EC29: =IFERROR(IF(BH29<M29,BH29*-1+M29,"NaN"),"NaN") -> 0.080616928 | ED29: =IFERROR(IF(BI29<N29,BI29*-1+N29,"NaN"),"NaN") -> 179.71579 | EE29: =IFERROR(IF(BJ29<O29,BJ29*-1+O29,"NaN"),"NaN") -> 0.90277224 | EF29: =IFERROR(IF(BK29<P29,BK29*-1+P29,"NaN"),"NaN") -> 3.2758737 | EG29: =IFERROR(IF(BL29<R29,BL29*-1+R29,"NaN"),"NaN") -> 18.077144 | EH29: =IFERROR(IF(BM29<Y29,BM29*-1+Y29,"NaN"),"NaN") -> 1638.3641 | EI29: =IFERROR(IF(BN29<Z29,BN29*-1+Z29,"NaN"),"NaN") -> 1685.6139 | EJ29: =IFERROR(IF(BO29<AD29,BO29*-1+AD29,"NaN"),"NaN") -> 194.88454 | EK29: =IFERROR(IF(BP29<AF29,BP29*-1+AF29,"NaN"),"NaN") -> NaN | EL29: =IFERROR(IF(BQ29<AG29,BQ29*-1+AG29,"NaN"),"NaN") -> 0.12869694 | EM29: =IFERROR(IF(BR29<AI29,BR29*-1+AI29,"NaN"),"NaN") -> 0.2947298 | EN29: =IFERROR(IF(BS29<AJ29,BS29*-1+AJ29,"NaN"),"NaN") -> 2.8514383 | EO29: =IFERROR(IF(BT29<AK29,BT29*-1+AK29,"NaN"),"NaN") -> 211.08567 | EP29: =IFERROR(IF(BU29<AL29,BU29*-1+AL29,"NaN"),"NaN") -> NaN | EQ29: =IFERROR(IF(BV29<AM29,BV29*-1+AM29,"NaN"),"NaN") -> 0.33755107 | ER29: =IFERROR(IF(BW29<AP29,BW29*-1+AP29,"NaN"),"NaN") -> 0.50315952 | ES29: =IFERROR(IF(BX29<AS29,BX29*-1+AS29,"NaN"),"NaN") -> NaN | ET29: =IFERROR(IF(BY29<AU29,BY29*-1+AU29,"NaN"),"NaN") -> NaN | EU29: =IFERROR(IF(BZ29<AV29,BZ29*-1+AV29,"NaN"),"NaN") -> 215.15405 | EV29: =IFERROR(IF(CA29<AY29,CA29*-1+AY29,"NaN"),"NaN") -> NaN | EW29: =IFERROR(IF(CB29<AZ29,CB29*-1+AZ29,"NaN"),"NaN") -> 0.29928967 | EX29: =IFERROR(IF(CC29<BB29,CC29*-1+BB29,"NaN"),"NaN") -> NaN | EY29: =IFERROR(IF(CD29<BC29,CD29*-1+BC29,"NaN"),"NaN") -> 14.849446
A30: 19029 | B30: 4D | C30: 4 | D30: D | E30: -44.25 | F30: -70.9637 | G30: -112.9356 | H30: 302.5721 | I30: 3018.75 | J30: 0.13232431 | K30: 6532.645 | L30: 285.90716 | M30: 0.28550975 | N30: 337.5074 | O30: 2.1182474 | P30: 15.277505 | Q30: 67.664507 | R30: 61.500295 | S30: 0.06857217 | T30: 0.061066789 | U30: 0.030021728 | V30: 0.069391483 | W30: 0.01253224 | X30: 0.12272271 | Y30: 2642.1327 | Z30: 2812.39 | AA30: 0.0621252 | AB30: 0.009552455 | AC30: 0.058837552 | AD30: 336.45402 | AE30: 0.022121654 | AF30: 219.86131 | AG30: 0.46516135 | AH30: 0.15140149 | AI30: 0.52911944 | AJ30: 6.5257597 | AK30: 936.45444 | AL30: 0.69034314 | AM30: 0.63614741 | AN30: NaN | AO30: 0.002115452 | AP30: 0.77370273 | AQ30: 0.11007489 | AR30: 0.48611584 | AS30: NaN | AT30: 0.068386708 | AU30: 0.054014968 | AV30: 382.64432 | AW30: 0.029956772 | AX30: NaN | AY30: 9.3276908 | AZ30: 0.60900172 | BA30: 0.026047898 | BB30: 0.028069783 | BC30: 38.215408 | BD30: 1.8474571 | BE30: 0.00407662 | BF30: 872.69282 | BG30: 24.683336 | BH30: 0.082292347 | BI30: 24.290878 | BJ30: 0.26242487 | BK30: 12.185906 | BL30: 3.5238203 | BM30: 3.4244036 | BN30: 0.005275897 | BO30: 0.005373788 | BP30: NaN | BQ30: 0.002986642 | BR30: 0.001321584 | BS30: 0.013053477 | BT30: 381.8302 | BU30: 388.82169 | BV30: 0.006618508 | BW30: 0.000833889 | BX30: 0.007033 | BY30: 24.457806 | BZ30: 0.003373681 | CA30: 24.875204 | CB30: 0.70298716 | CC30: 0.018489613 | CD30: 0.067108179 | CE30: NaN | CF30: 176.75979 | CG30: 0.064706461 | CH30: 0.071494771 | CI30: 0.59179773 | CJ30: NaN | CK30: 0.072944382 | CL30: 0.011868711 | CM30: 0.069711619 | CN30: 3.0481454 | CO30: 0.004580339 | CP30: 0.007030964 | CQ30: 51.450216 | CR30: 0.003163324 | CS30: 0.004303561 | CT30: 1.3056483 | CU30: 0.078772833 | CV30: 0.002481644 | CW30: 0.003429025 | CX30: 2.6785685 | CY30: 0.19212613 | CZ30: 0.12136272 | DA30: 1495.1338 | DB30: 28.111423 | DC30: 0.269276 | DD30: 1.0410941 | DE30: 1.5518928 | DF30: 7.9724446 | DG30: 27.206321 | DH30: 796.83636 | DI30: 804.29748 | DJ30: 0.38044136 | DK30: 218.19145 | DL30: 0.19818514 | DM30: 0.39804266 | DN30: 3.6299769 | DO30: 892.46989 | DP30: 0.4114717 | DQ30: 0.1001231 | DR30: 0.22044702 | DS30: 116.99018 | DT30: 0.038050452 | DU30: 15.070205 | DV30: 2.9211231 | DW30: 0.48430716 | DX30: 0.019373717 | DY30: 12.579995 | DZ30: =IFERROR(IF(BE30<J30,BE30*-1+J30,"NaN"),"NaN") -> 0.12824769 | EA30: =IFERROR(IF(BF30<K30,BF30*-1+K30,"NaN"),"NaN") -> 5659.9522 | EB30: =IFERROR(IF(BG30<L30,BG30*-1+L30,"NaN"),"NaN") -> 261.22383 | EC30: =IFERROR(IF(BH30<M30,BH30*-1+M30,"NaN"),"NaN") -> 0.20321741 | ED30: =IFERROR(IF(BI30<N30,BI30*-1+N30,"NaN"),"NaN") -> 313.21652 | EE30: =IFERROR(IF(BJ30<O30,BJ30*-1+O30,"NaN"),"NaN") -> 1.8558226 | EF30: =IFERROR(IF(BK30<P30,BK30*-1+P30,"NaN"),"NaN") -> 3.091599 | EG30: =IFERROR(IF(BL30<R30,BL30*-1+R30,"NaN"),"NaN") -> 57.976475 | EH30: =IFERROR(IF(BM30<Y30,BM30*-1+Y30,"NaN"),"NaN") -> 2638.7083 | EI30: =IFERROR(IF(BN30<Z30,BN30*-1+Z30,"NaN"),"NaN") -> 2812.3848 | EJ30: =IFERROR(IF(BO30<AD30,BO30*-1+AD30,"NaN"),"NaN") -> 336.44865 | EK30: =IFERROR(IF(BP30<AF30,BP30*-1+AF30,"NaN"),"NaN") -> NaN | EL30: =IFERROR(IF(BQ30<AG30,BQ30*-1+AG30,"NaN"),"NaN") -> 0.46217471 | EM30: =IFERROR(IF(BR30<AI30,BR30*-1+AI30,"NaN"),"NaN") -> 0.52779785 | EN30: =IFERROR(IF(BS30<AJ30,BS30*-1+AJ30,"NaN"),"NaN") -> 6.5127062 | EO30: =IFERROR(IF(BT30<AK30,BT30*-1+AK30,"NaN"),"NaN") -> 554.62424 | EP30: =IFERROR(IF(BU30<AL30,BU30*-1+AL30,"NaN"),"NaN") -> NaN | EQ30: =IFERROR(IF(BV30<AM30,BV30*-1+AM30,"NaN"),"NaN") -> 0.6295289 | ER30: =IFERROR(IF(BW30<AP30,BW30*-1+AP30,"NaN"),"NaN") -> 0.77286884 | ES30: =IFERROR(IF(BX30<AS30,BX30*-1+AS30,"NaN"),"NaN") -> NaN | ET30: =IFERROR(IF(BY30<AU30,BY30*-1+AU30,"NaN"),"NaN") -> NaN | EU30: =IFERROR(IF(BZ30<AV30,BZ30*-1+AV30,"NaN"),"NaN") -> 382.64095 | EV30: =IFERROR(IF(CA30<AY30,CA30*-1+AY30,"NaN"),"NaN") -> NaN | EW30: =IFERROR(IF(CB30<AZ30,CB30*-1+AZ30,"NaN"),"NaN") -> NaN | EX30: =IFERROR(IF(CC30<BB30,CC30*-1+BB30,"NaN"),"NaN") -> 0.00958017 | EY30: =IFERROR(IF(CD30<BC30,CD30*-1+BC30,"NaN"),"NaN") -> 38.1483
A31: 19088 | B31: 5S | C31: 5 | D31: S | E31: -971.61 | F31: -71.5288 | G31: -116.3585 | H31: 238.315 | I31: 19.39 | J31: 1.3166366 | K31: 75.364114 | L31: 82.097634 | M31: 42.376478 | N31: 100.26806 | O31: 1.580496 | P31: 4.6734304 | Q31: 80.173028 | R31: 75.294772 | S31: NaN | T31: NaN | U31: NaN | V31: 0.23565235 | W31: NaN | X31: 0.16890748 | Y31: 86.231801 | Z31: 106.23568 | AA31: NaN | AB31: 0.003207692 | AC31: NaN | AD31: 94.701151 | AE31: NaN | AF31: 101.01075 | AG31: 1.5712594 | AH31: NaN | AI31: NaN | AJ31: 32.440703 | AK31: 69721.74 | AL31: 1.2198247 | AM31: 0.029351687 | AN31: NaN | AO31: 0.01422782 | AP31: NaN | AQ31: NaN | AR31: 0.53762409 | AS31: NaN | AT31: NaN | AU31: NaN | AV31: 8.2633271 | AW31: NaN | AX31: 0.56546047 | AY31: 6.3418861 | AZ31: 0.064075009 | BA31: NaN | BB31: NaN | BC31: 2816.561 | BD31: NaN | BE31: 0.40028269 | BF31: 367.08975 | BG31: 19.460235 | BH31: 7.4941084 | BI31: 18.720053 | BJ31: 0.76133302 | BK31: 23.515028 | BL31: 73.561977 | BM31: 72.19846 | BN31: NaN | BO31: NaN | BP31: NaN | BQ31: 0.029434561 | BR31: NaN | BS31: 0.031752262 | BT31: 109.96985 | BU31: 112.32206 | BV31: NaN | BW31: 0.000429118 | BX31: NaN | BY31: 18.619352 | BZ31: 0.005438992 | CA31: 31.620058 | CB31: 3.4102953 | CC31: 0.012857987 | CD31: 0.066014425 | CE31: 5.7081 | CF31: 32191.37 | CG31: 0.5278608 | CH31: 0.10250632 | CI31: 40.256754 | CJ31: 0.008123208 | CK31: NaN | CL31: 0.010616996 | CM31: 0.37100095 | CN31: 2557.9232 | CO31: NaN | CP31: 0.007981856 | CQ31: 146.37704 | CR31: NaN | CS31: 0.49134103 | CT31: 1.9988351 | CU31: 0.22107327 | CV31: NaN | CW31: NaN | CX31: 317.85466 | CY31: 0.89457491 | CZ31: 1.8591023 | DA31: 180.84705 | DB31: 17.686573 | DC31: 37.59442 | DD31: 0.31387805 | DE31: 1.2180143 | DF31: 28.829697 | DG31: 36.101353 | DH31: 67.917471 | DI31: 68.335918 | DJ31: 0.12071438 | DK31: 119.67948 | DL31: NaN | DM31: 0.046080686 | DN31: 30.706892 | DO31: 53714.349 | DP31: 1.0105548 | DQ31: 0.013165716 | DR31: 0.15066539 | DS31: 757.02023 | DT31: 0.010267193 | DU31: NaN | DV31: 13.170891 | DW31: 0.15210398 | DX31: 0.0098303672 | DY31: 1632.825 | DZ31: =IFERROR(IF(BE31<J31,BE31*-1+J31,"NaN"),"NaN") -> 0.91635391 | EA31: =IFERROR(IF(BF31<K31,BF31*-1+K31,"NaN"),"NaN") -> NaN | EB31: =IFERROR(IF(BG31<L31,BG31*-1+L31,"NaN"),"NaN") -> 62.6374 | EC31: =IFERROR(IF(BH31<M31,BH31*-1+M31,"NaN"),"NaN") -> 34.88237 | ED31: =IFERROR(IF(BI31<N31,BI31*-1+N31,"NaN"),"NaN") -> 81.54801 | EE31: =IFERROR(IF(BJ31<O31,BJ31*-1+O31,"NaN"),"NaN") -> 0.81916294 | EF31: =IFERROR(IF(BK31<P31,BK31*-1+P31,"NaN"),"NaN") -> NaN | EG31: =IFERROR(IF(BL31<R31,BL31*-1+R31,"NaN"),"NaN") -> 1.7327946 | EH31: =IFERROR(IF(BM31<Y31,BM31*-1+Y31,"NaN"),"NaN") -> 14.033341 | EI31: =IFERROR(IF(BN31<Z31,BN31*-1+Z31,"NaN"),"NaN") -> NaN | EJ31: =IFERROR(IF(BO31<AD31,BO31*-1+AD31,"NaN"),"NaN") -> NaN | EK31: =IFERROR(IF(BP31<AF31,BP31*-1+AF31,"NaN"),"NaN") -> NaN | EL31: =IFERROR(IF(BQ31<AG31,BQ31*-1+AG31,"NaN"),"NaN") -> 1.5418249 | EM31: =IFERROR(IF(BR31<AI31,BR31*-1+AI31,"NaN"),"NaN") -> NaN | EN31: =IFERROR(IF(BS31<AJ31,BS31*-1+AJ31,"NaN"),"NaN") -> 32.408951 | EO31: =IFERROR(IF(BT31<AK31,BT31*-1+AK31,"NaN"),"NaN") -> 69611.77 | EP31: =IFERROR(IF(BU31<AL31,BU31*-1+AL31,"NaN"),"NaN") -> NaN | EQ31: =IFERROR(IF(BV31<AM31,BV31*-1+AM31,"NaN"),"NaN") -> NaN | ER31: =IFERROR(IF(BW31<AP31,BW31*-1+AP31,"NaN"),"NaN") -> NaN | ES31: =IFERROR(IF(BX31<AS31,BX31*-1+AS31,"NaN"),"NaN") -> NaN | ET31: =IFERROR(IF(BY31<AU31,BY31*-1+AU31,"NaN"),"NaN") -> NaN | EU31: =IFERROR(IF(BZ31<AV31,BZ31*-1+AV31,"NaN"),"NaN") -> 8.2578881 | EV31: =IFERROR(IF(CA31<AY31,CA31*-1+AY31,"NaN"),"NaN") -> NaN | EW31: =IFERROR(IF(CB31<AZ31,CB31*-1+AZ31,"NaN"),"NaN") -> NaN | EX31: =IFERROR(IF(CC31<BB31,CC31*-1+BB31,"NaN"),"NaN") -> NaN | EY31: =IFERROR(IF(CD31<BC31,CD31*-1+BC31,"NaN"),"NaN") -> 2816.495
A32: 19089 | B32: 5S | C32: 5 | D32: S | E32: -947.36 | F32: -71.5288 | G32: -116.3585 | H32: 238.315 | I32: 43.64 | J32: 1.3794256 | K32: NaN | L32: 110.25358 | M32: 46.553211 | N32: 127.30786 | O32: 2.9617504 | P32: 54.499355 | Q32: 77.443384 | R32: 72.128825 | S32: NaN | T32: NaN | U32: NaN | V32: 0.89797501 | W32: NaN | X32: 0.60963636 | Y32: NaN | Z32: NaN | AA32: NaN | AB32: 0.013716478 | AC32: NaN | AD32: 121.65492 | AE32: NaN | AF32: 117.36723 | AG32: 6.0913575 | AH32: NaN | AI32: NaN | AJ32: 57.325437 | AK32: 63153.828 | AL32: 1.5664646 | AM32: NaN | AN32: NaN | AO32: 0.06873013 | AP32: NaN | AQ32: NaN | AR32: 1.9014007 | AS32: NaN | AT32: NaN | AU32: NaN | AV32: NaN | AW32: NaN | AX32: 0.5570997 | AY32: NaN | AZ32: NaN | BA32: NaN | BB32: NaN | BC32: 539.92868 | BD32: NaN | BE32: 1.386099 | BF32: NaN | BG32: 35.55311 | BH32: 36.649932 | BI32: 36.024656 | BJ32: 4.0015204 | BK32: 110.77676 | BL32: 189.40825 | BM32: 179.25928 | BN32: NaN | BO32: NaN | BP32: NaN | BQ32: 0.41354188 | BR32: NaN | BS32: 0.27260876 | BT32: 923.58538 | BU32: 954.45885 | BV32: NaN | BW32: NaN | BX32: NaN | BY32: 34.424251 | BZ32: NaN | CA32: 166.26474 | CB32: 12.042737 | CC32: NaN | CD32: NaN | CE32: NaN | CF32: 74852.084 | CG32: 1.0233342 | CH32: 1.5549603 | CI32: 50.848197 | CJ32: 0.06677073 | CK32: NaN | CL32: NaN | CM32: 2.0663319 | CN32: 374.57826 | CO32: NaN | CP32: NaN | CQ32: 2339.8162 | CR32: NaN | CS32: 0.60695387 | CT32: 6.2155604 | CU32: 9.9144165 | CV32: NaN | CW32: NaN | CX32: 912.61471 | CY32: 45.349168 | CZ32: NaN | DA32: NaN | DB32: NaN | DC32: NaN | DD32: NaN | DE32: NaN | DF32: NaN | DG32: NaN | DH32: NaN | DI32: NaN | DJ32: NaN | DK32: NaN | DL32: NaN | DM32: NaN | DN32: NaN | DO32: NaN | DP32: NaN | DQ32: NaN | DR32: NaN | DS32: NaN | DT32: NaN | DU32: NaN | DV32: NaN | DW32: NaN | DX32: NaN | DY32: NaN | DZ32: =IFERROR(IF(BE32<J32,BE32*-1+J32,"NaN"),"NaN") -> NaN | EA32: =IFERROR(IF(BF32<K32,BF32*-1+K32,"NaN"),"NaN") -> NaN | EB32: =IFERROR(IF(BG32<L32,BG32*-1+L32,"NaN"),"NaN") -> 74.700471 | EC32: =IFERROR(IF(BH32<M32,BH32*-1+M32,"NaN"),"NaN") -> 9.9032798 | ED32: =IFERROR(IF(BI32<N32,BI32*-1+N32,"NaN"),"NaN") -> 91.283203 | EE32: =IFERROR(IF(BJ32<O32,BJ32*-1+O32,"NaN"),"NaN") -> NaN | EF32: =IFERROR(IF(BK32<P32,BK32*-1+P32,"NaN"),"NaN") -> NaN | EG32: =IFERROR(IF(BL32<R32,BL32*-1+R32,"NaN"),"NaN") -> NaN | EH32: =IFERROR(IF(BM32<Y32,BM32*-1+Y32,"NaN"),"NaN") -> NaN | EI32: =IFERROR(IF(BN32<Z32,BN32*-1+Z32,"NaN"),"NaN") -> NaN | EJ32: =IFERROR(IF(BO32<AD32,BO32*-1+AD32,"NaN"),"NaN") -> NaN | EK32: =IFERROR(IF(BP32<AF32,BP32*-1+AF32,"NaN"),"NaN") -> NaN | EL32: =IFERROR(IF(BQ32<AG32,BQ32*-1+AG32,"NaN"),"NaN") -> 5.6778156 | EM32: =IFERROR(IF(BR32<AI32,BR32*-1+AI32,"NaN"),"NaN") -> NaN | EN32: =IFERROR(IF(BS32<AJ32,BS32*-1+AJ32,"NaN"),"NaN") -> 57.052829 | EO32: =IFERROR(IF(BT32<AK32,BT32*-1+AK32,"NaN"),"NaN") -> 62230.243 | EP32: =IFERROR(IF(BU32<AL32,BU32*-1+AL32,"NaN"),"NaN") -> NaN | EQ32: =IFERROR(IF(BV32<AM32,BV32*-1+AM32,"NaN"),"NaN") -> NaN | ER32: =IFERROR(IF(BW32<AP32,BW32*-1+AP32,"NaN"),"NaN") -> NaN | ES32: =IFERROR(IF(BX32<AS32,BX32*-1+AS32,"NaN"),"NaN") -> NaN | ET32: =IFERROR(IF(BY32<AU32,BY32*-1+AU32,"NaN"),"NaN") -> NaN | EU32: =IFERROR(IF(BZ32<AV32,BZ32*-1+AV32,"NaN"),"NaN") -> NaN | EV32: =IFERROR(IF(CA32<AY32,CA32*-1+AY32,"NaN"),"NaN") -> NaN | EW32: =IFERROR(IF(CB32<AZ32,CB32*-1+AZ32,"NaN"),"NaN") -> NaN | EX32: =IFERROR(IF(CC32<BB32,CC32*-1+BB32,"NaN"),"NaN") -> NaN | EY32: =IFERROR(IF(CD32<BC32,CD32*-1+BC32,"NaN"),"NaN") -> NaN
A33: 19090 | B33: 5S | C33: 5 | D33: S | E33: -918.27 | F33: -71.5288 | G33: -116.3585 | H33: 238.315 | I33: 72.73 | J33: 0.78045474 | K33: 457.00949 | L33: 73.97847 | M33: 8.7292501 | N33: 88.383592 | O33: 0.85260244 | P33: 5.1129233 | Q33: 24.901793 | R33: 22.336487 | S33: NaN | T33: 0.001674491 | U33: 0.003072301 | V33: 0.038066223 | W33: NaN | X33: 0.037546055 | Y33: 201.84178 | Z33: 213.9644 | AA33: NaN | AB33: 0.001954441 | AC33: 0.006675767 | AD33: 85.721643 | AE33: 0.001495017 | AF33: 172.34998 | AG33: 0.70776175 | AH33: 0.022931601 | AI33: 0.084503495 | AJ33: 5.224379 | AK33: 8617.6654 | AL33: 0.7948307 | AM33: 0.13630546 | AN33: 0.92434004 | AO33: 0.002027191 | AP33: NaN | AQ33: 0.015540576 | AR33: 0.1563843 | AS33: 120.25197 | AT33: NaN | AU33: 0.002557468 | AV33: 37.143747 | AW33: 0.000660425 | AX33: 0.11396081 | AY33: 2.595509 | AZ33: 0.091331351 | BA33: 0.000386739 | BB33: 0.002976163 | BC33: 67.564973 | BD33: NaN | BE33: 0.082449598 | BF33: 129.96003 | BG33: 7.4440264 | BH33: 1.2005315 | BI33: 7.3317926 | BJ33: 0.12006135 | BK33: 2.339826 | BL33: 4.99008 | BM33: 4.8735761 | BN33: NaN | BO33: NaN | BP33: NaN | BQ33: 0.010828733 | BR33: NaN | BS33: 0.007419807 | BT33: 43.624797 | BU33: 44.844512 | BV33: NaN | BW33: NaN | BX33: NaN | BY33: 7.2556775 | BZ33: NaN | CA33: 11.322001 | CB33: 0.071345387 | CC33: NaN | CD33: 0.002916328 | CE33: NaN | CF33: 2165.2361 | CG33: 0.040583626 | CH33: 0.015215127 | CI33: 1.8671565 | CJ33: 0.001084623 | CK33: NaN | CL33: NaN | CM33: 0.039312426 | CN33: 183.94787 | CO33: NaN | CP33: 0.001061616 | CQ33: 40.277271 | CR33: NaN | CS33: 0.032561202 | CT33: 0.28669413 | CU33: 0.004965063 | CV33: NaN | CW33: NaN | CX33: 22.783856 | CY33: 0.057804188 | CZ33: 1.0567227 | DA33: 117.50866 | DB33: 15.086547 | DC33: 8.2812325 | DD33: 0.33703171 | DE33: 0.70958158 | DF33: NaN | DG33: 11.510263 | DH33: 98.71219 | DI33: 96.878088 | DJ33: 0.12785955 | DK33: 191.70136 | DL33: 0.0077293717 | DM33: 0.057495524 | DN33: 7.3145234 | DO33: 7741.0198 | DP33: 0.84904591 | DQ33: 0.015872515 | DR33: 0.10201077 | DS33: 210.43669 | DT33: 0.0078202319 | DU33: NaN | DV33: 3.7604299 | DW33: 0.10502734 | DX33: 0.0041392749 | DY33: 72.812903 | DZ33: =IFERROR(IF(BE33<J33,BE33*-1+J33,"NaN"),"NaN") -> 0.69800514 | EA33: =IFERROR(IF(BF33<K33,BF33*-1+K33,"NaN"),"NaN") -> 327.04946 | EB33: =IFERROR(IF(BG33<L33,BG33*-1+L33,"NaN"),"NaN") -> 66.534444 | EC33: =IFERROR(IF(BH33<M33,BH33*-1+M33,"NaN"),"NaN") -> 7.5287187 | ED33: =IFERROR(IF(BI33<N33,BI33*-1+N33,"NaN"),"NaN") -> 81.0518 | EE33: =IFERROR(IF(BJ33<O33,BJ33*-1+O33,"NaN"),"NaN") -> 0.73254109 | EF33: =IFERROR(IF(BK33<P33,BK33*-1+P33,"NaN"),"NaN") -> 2.7730973 | EG33: =IFERROR(IF(BL33<R33,BL33*-1+R33,"NaN"),"NaN") -> 17.346407 | EH33: =IFERROR(IF(BM33<Y33,BM33*-1+Y33,"NaN"),"NaN") -> 196.9682 | EI33: =IFERROR(IF(BN33<Z33,BN33*-1+Z33,"NaN"),"NaN") -> NaN | EJ33: =IFERROR(IF(BO33<AD33,BO33*-1+AD33,"NaN"),"NaN") -> NaN | EK33: =IFERROR(IF(BP33<AF33,BP33*-1+AF33,"NaN"),"NaN") -> NaN | EL33: =IFERROR(IF(BQ33<AG33,BQ33*-1+AG33,"NaN"),"NaN") -> 0.69693302 | EM33: =IFERROR(IF(BR33<AI33,BR33*-1+AI33,"NaN"),"NaN") -> NaN | EN33: =IFERROR(IF(BS33<AJ33,BS33*-1+AJ33,"NaN"),"NaN") -> 5.2169592 | EO33: =IFERROR(IF(BT33<AK33,BT33*-1+AK33,"NaN"),"NaN") -> 8574.0406 | EP33: =IFERROR(IF(BU33<AL33,BU33*-1+AL33,"NaN"),"NaN") -> NaN | EQ33: =IFERROR(IF(BV33<AM33,BV33*-1+AM33,"NaN"),"NaN") -> NaN | ER33: =IFERROR(IF(BW33<AP33,BW33*-1+AP33,"NaN"),"NaN") -> NaN | ES33: =IFERROR(IF(BX33<AS33,BX33*-1+AS33,"NaN"),"NaN") -> NaN | ET33: =IFERROR(IF(BY33<AU33,BY33*-1+AU33,"NaN"),"NaN") -> NaN | EU33: =IFERROR(IF(BZ33<AV33,BZ33*-1+AV33,"NaN"),"NaN") -> NaN | EV33: =IFERROR(IF(CA33<AY33,CA33*-1+AY33,"NaN"),"NaN") -> NaN | EW33: =IFERROR(IF(CB33<AZ33,CB33*-1+AZ33,"NaN"),"NaN") -> 0.019985964 | EX33: =IFERROR(IF(CC33<BB33,CC33*-1+BB33,"NaN"),"NaN") -> NaN | EY33: =IFERROR(IF(CD33<BC33,CD33*-1+BC33,"NaN"),"NaN") -> 67.562056
A34: 19091 | B34: 5S | C34: 5 | D34: S | E34: -845.55 | F34: -71.5288 | G34: -116.3585 | H34: 238.315 | I34: 145.45 | J34: 0.52962132 | K34: 1697.5963 | L34: 72.466507 | M34: 7.3269672 | N34: 88.038892 | O34: 1.21022 | P34: 2.3695316 | Q34: 19.940045 | R34: 17.687237 | S34: 0.014393171 | T34: 0.013683663 | U34: 0.009145878 | V34: 0.044417 | W34: 0.000453135 | X34: 0.05915694 | Y34: 564.29871 | Z34: 613.29358 | AA34: NaN | AB34: 0.003903099 | AC34: 0.019989541 | AD34: 85.547841 | AE34: 0.006170884 | AF34: 311.8854 | AG34: 1.017795 | AH34: 0.059872343 | AI34: 0.20658108 | AJ34: 4.4267578 | AK34: 3855.3584 | AL34: 1.3447058 | AM34: 0.28188079 | AN34: 1.9991848 | AO34: 0.002711748 | AP34: 0.043934481 | AQ34: 0.034907108 | AR34: 0.27461139 | AS34: 120.0542 | AT34: 0.015991998 | AU34: 0.02633898 | AV34: 102.02935 | AW34: 0.005567285 | AX34: 0.042657759 | AY34: 4.9100227 | AZ34: 0.22654789 | BA34: 0.005662919 | BB34: 0.006446853 | BC34: 45.714563 | BD34: 0.57018185 | BE34: 0.037272991 | BF34: 646.94144 | BG34: 16.180473 | BH34: 0.38012803 | BI34: 15.903237 | BJ34: 0.17002253 | BK34: 1.3259994 | BL34: 2.293395 | BM34: 2.5130057 | BN34: NaN | BO34: NaN | BP34: NaN | BQ34: 0.009898157 | BR34: NaN | BS34: 0.015381669 | BT34: 194.87274 | BU34: 193.78789 | BV34: NaN | BW34: NaN | BX34: NaN | BY34: 16.272336 | BZ34: 0.000494795 | CA34: 27.289038 | CB34: 0.068483649 | CC34: 0.013765967 | CD34: 0.057007704 | CE34: NaN | CF34: 618.47154 | CG34: 0.42798879 | CH34: 0.075357683 | CI34: 1.7643192 | CJ34: 0.000456653 | CK34: NaN | CL34: 0.007097633 | CM34: 0.084567262 | CN34: 96.57451 | CO34: NaN | CP34: 0.004752545 | CQ34: 31.852971 | CR34: NaN | CS34: 0.010924437 | CT34: 0.7431529 | CU34: 0.053615577 | CV34: NaN | CW34: NaN | CX34: 12.64959 | CY34: 0.35950092 | CZ34: 0.80884987 | DA34: 209.2938 | DB34: 18.541243 | DC34: 8.2453415 | DD34: 0.81980913 | DE34: 1.2128107 | DF34: 2.1029931 | DG34: 13.996403 | DH34: 159.93217 | DI34: 166.71585 | DJ34: 0.20408423 | DK34: 383.52851 | DL34: 0.32310109 | DM34: 0.16146545 | DN34: 3.3543058 | DO34: 3949.8694 | DP34: 1.6981809 | DQ34: 0.042927643 | DR34: 0.061563485 | DS34: 208.33537 | DT34: 0.017119422 | DU34: 0.05438978 | DV34: 7.2539634 | DW34: 0.2209308 | DX34: 0.0080162002 | DY34: 52.825873 | DZ34: =IFERROR(IF(BE34<J34,BE34*-1+J34,"NaN"),"NaN") -> 0.49234833 | EA34: =IFERROR(IF(BF34<K34,BF34*-1+K34,"NaN"),"NaN") -> 1050.6549 | EB34: =IFERROR(IF(BG34<L34,BG34*-1+L34,"NaN"),"NaN") -> 56.286034 | EC34: =IFERROR(IF(BH34<M34,BH34*-1+M34,"NaN"),"NaN") -> 6.9468392 | ED34: =IFERROR(IF(BI34<N34,BI34*-1+N34,"NaN"),"NaN") -> 72.135655 | EE34: =IFERROR(IF(BJ34<O34,BJ34*-1+O34,"NaN"),"NaN") -> 1.0401974 | EF34: =IFERROR(IF(BK34<P34,BK34*-1+P34,"NaN"),"NaN") -> 1.0435322 | EG34: =IFERROR(IF(BL34<R34,BL34*-1+R34,"NaN"),"NaN") -> 15.393842 | EH34: =IFERROR(IF(BM34<Y34,BM34*-1+Y34,"NaN"),"NaN") -> 561.7857 | EI34: =IFERROR(IF(BN34<Z34,BN34*-1+Z34,"NaN"),"NaN") -> NaN | EJ34: =IFERROR(IF(BO34<AD34,BO34*-1+AD34,"NaN"),"NaN") -> NaN | EK34: =IFERROR(IF(BP34<AF34,BP34*-1+AF34,"NaN"),"NaN") -> NaN | EL34: =IFERROR(IF(BQ34<AG34,BQ34*-1+AG34,"NaN"),"NaN") -> 1.0078969 | EM34: =IFERROR(IF(BR34<AI34,BR34*-1+AI34,"NaN"),"NaN") -> NaN | EN34: =IFERROR(IF(BS34<AJ34,BS34*-1+AJ34,"NaN"),"NaN") -> 4.4113762 | EO34: =IFERROR(IF(BT34<AK34,BT34*-1+AK34,"NaN"),"NaN") -> 3660.4856 | EP34: =IFERROR(IF(BU34<AL34,BU34*-1+AL34,"NaN"),"NaN") -> NaN | EQ34: =IFERROR(IF(BV34<AM34,BV34*-1+AM34,"NaN"),"NaN") -> NaN | ER34: =IFERROR(IF(BW34<AP34,BW34*-1+AP34,"NaN"),"NaN") -> NaN | ES34: =IFERROR(IF(BX34<AS34,BX34*-1+AS34,"NaN"),"NaN") -> NaN | ET34: =IFERROR(IF(BY34<AU34,BY34*-1+AU34,"NaN"),"NaN") -> NaN | EU34: =IFERROR(IF(BZ34<AV34,BZ34*-1+AV34,"NaN"),"NaN") -> 102.02885 | EV34: =IFERROR(IF(CA34<AY34,CA34*-1+AY34,"NaN"),"NaN") -> NaN | EW34: =IFERROR(IF(CB34<AZ34,CB34*-1+AZ34,"NaN"),"NaN") -> 0.15806424 | EX34: =IFERROR(IF(CC34<BB34,CC34*-1+BB34,"NaN"),"NaN") -> NaN | EY34: =IFERROR(IF(CD34<BC34,CD34*-1+BC34,"NaN"),"NaN") -> 45.657555
A35: 19092 | B35: 5S | C35: 5 | D35: S | E35: -622.52 | F35: -71.5288 | G35: -116.3585 | H35: 238.315 | I35: 368.48 | J35: 0.34283975 | K35: 4076.5834 | L35: 129.4404 | M35: 2.4331338 | N35: 155.21861 | O35: 3.4102045 | P35: 4.4037879 | Q35: 31.27378 | R35: 28.38142 | S35: 0.081803084 | T35: 0.061563043 | U35: 0.027712256 | V35: 0.049558335 | W35: 0.01132438 | X35: 0.13108511 | Y35: 2198.3702 | Z35: 2298.0565 | AA35: 0.11415363 | AB35: 0.010663293 | AC35: 0.059765407 | AD35: 149.26273 | AE35: 0.020151281 | AF35: 748.23706 | AG35: 1.1667987 | AH35: 0.19686554 | AI35: 0.68977234 | AJ35: 5.236195 | AK35: 1884.6536 | AL35: 1.6122155 | AM35: 0.86722551 | AN35: 8.7260159 | AO35: 0.003002484 | AP35: 0.36063901 | AQ35: 0.12341956 | AR35: 0.68374019 | AS35: 181.75821 | AT35: 0.089739497 | AU35: 0.070665016 | AV35: 426.24584 | AW35: 0.030189918 | AX35: 0.063965793 | AY35: 12.070576 | AZ35: 0.58203287 | BA35: 0.02180856 | BB35: 0.02304631 | BC35: 27.798307 | BD35: 2.4869917 | BE35: 0.017306004 | BF35: 1111.3773 | BG35: 11.049739 | BH35: 0.082836487 | BI35: 10.982758 | BJ35: 0.43365495 | BK35: 5.060978 | BL35: 2.1337136 | BM35: 2.0423395 | BN35: 0.00362426 | BO35: 0.001977429 | BP35: 0.001157986 | BQ35: 0.007915556 | BR35: NaN | BS35: 0.024360791 | BT35: 408.48276 | BU35: 423.39312 | BV35: NaN | BW35: 0.000864093 | BX35: 0.005928421 | BY35: 11.041598 | BZ35: 0.004296943 | CA35: 89.68606 | CB35: 0.068977774 | CC35: 0.034433073 | CD35: 0.12109383 | CE35: NaN | CF35: 422.53905 | CG35: 0.21560262 | CH35: 0.14401223 | CI35: 1.903857 | CJ35: 0.000286143 | CK35: NaN | CL35: 0.017986717 | CM35: 0.13535793 | CN35: 23.724485 | CO35: 0.001370187 | CP35: 0.011087482 | CQ35: 84.074667 | CR35: NaN | CS35: 0.006920743 | CT35: 1.5400134 | CU35: 0.11231304 | CV35: NaN | CW35: NaN | CX35: 20.583672 | CY35: 0.28690908 | CZ35: 0.43786435 | DA35: 952.24531 | DB35: 24.249585 | DC35: 2.2773285 | DD35: 1.815857 | DE35: 2.5214323 | DF35: NaN | DG35: 18.323291 | DH35: 511.01636 | DI35: 529.12501 | DJ35: 0.57562798 | DK35: 755.9797 | DL35: 0.46740136 | DM35: 0.53718502 | DN35: 3.5534344 | DO35: 1306.493 | DP35: 1.4871167 | DQ35: 0.14080446 | DR35: 0.10914899 | DS35: 92.104059 | DT35: 0.072965369 | DU35: 9.0842134 | DV35: 7.5677505 | DW35: 0.62534905 | DX35: 0.0257558 | DY35: 19.959002 | DZ35: =IFERROR(IF(BE35<J35,BE35*-1+J35,"NaN"),"NaN") -> 0.32553374 | EA35: =IFERROR(IF(BF35<K35,BF35*-1+K35,"NaN"),"NaN") -> 2965.2061 | EB35: =IFERROR(IF(BG35<L35,BG35*-1+L35,"NaN"),"NaN") -> 118.39066 | EC35: =IFERROR(IF(BH35<M35,BH35*-1+M35,"NaN"),"NaN") -> 2.3502973 | ED35: =IFERROR(IF(BI35<N35,BI35*-1+N35,"NaN"),"NaN") -> 144.23585 | EE35: =IFERROR(IF(BJ35<O35,BJ35*-1+O35,"NaN"),"NaN") -> 2.9765495 | EF35: =IFERROR(IF(BK35<P35,BK35*-1+P35,"NaN"),"NaN") -> NaN | EG35: =IFERROR(IF(BL35<R35,BL35*-1+R35,"NaN"),"NaN") -> 26.247706 | EH35: =IFERROR(IF(BM35<Y35,BM35*-1+Y35,"NaN"),"NaN") -> 2196.3279 | EI35: =IFERROR(IF(BN35<Z35,BN35*-1+Z35,"NaN"),"NaN") -> 2298.0529 | EJ35: =IFERROR(IF(BO35<AD35,BO35*-1+AD35,"NaN"),"NaN") -> 149.26076 | EK35: =IFERROR(IF(BP35<AF35,BP35*-1+AF35,"NaN"),"NaN") -> 748.2359 | EL35: =IFERROR(IF(BQ35<AG35,BQ35*-1+AG35,"NaN"),"NaN") -> 1.1588831 | EM35: =IFERROR(IF(BR35<AI35,BR35*-1+AI35,"NaN"),"NaN") -> NaN | EN35: =IFERROR(IF(BS35<AJ35,BS35*-1+AJ35,"NaN"),"NaN") -> 5.2118342 | EO35: =IFERROR(IF(BT35<AK35,BT35*-1+AK35,"NaN"),"NaN") -> 1476.1709 | EP35: =IFERROR(IF(BU35<AL35,BU35*-1+AL35,"NaN"),"NaN") -> NaN | EQ35: =IFERROR(IF(BV35<AM35,BV35*-1+AM35,"NaN"),"NaN") -> NaN | ER35: =IFERROR(IF(BW35<AP35,BW35*-1+AP35,"NaN"),"NaN") -> 0.35977492 | ES35: =IFERROR(IF(BX35<AS35,BX35*-1+AS35,"NaN"),"NaN") -> 181.75228 | ET35: =IFERROR(IF(BY35<AU35,BY35*-1+AU35,"NaN"),"NaN") -> NaN | EU35: =IFERROR(IF(BZ35<AV35,BZ35*-1+AV35,"NaN"),"NaN") -> 426.24154 | EV35: =IFERROR(IF(CA35<AY35,CA35*-1+AY35,"NaN"),"NaN") -> NaN | EW35: =IFERROR(IF(CB35<AZ35,CB35*-1+AZ35,"NaN"),"NaN") -> 0.51305509 | EX35: =IFERROR(IF(CC35<BB35,CC35*-1+BB35,"NaN"),"NaN") -> NaN | EY35: =IFERROR(IF(CD35<BC35,CD35*-1+BC35,"NaN"),"NaN") -> 27.677213
A36: 19093 | B36: 5S | C36: 5 | D36: S | E36: -530.39 | F36: -71.5288 | G36: -116.3585 | H36: 238.315 | I36: 460.61 | J36: 0.30766779 | K36: 11878.256 | L36: 348.6185 | M36: 1.0880931 | N36: 435.25001 | O36: 4.1937641 | P36: 7.0335282 | Q36: 48.620976 | R36: 44.535476 | S36: 0.17681283 | T36: 0.13290545 | U36: 0.061298608 | V36: 0.050285195 | W36: 0.03764007 | X36: 0.23128061 | Y36: 4509.346 | Z36: 4903.8401 | AA36: 0.33656106 | AB36: 0.020444336 | AC36: 0.1280181 | AD36: 417.32032 | AE36: 0.045349951 | AF36: 521.95864 | AG36: 1.0912925 | AH36: 0.40001288 | AI36: 1.3528431 | AJ36: 10.010838 | AK36: 2143.2997 | AL36: 1.5016215 | AM36: 1.7110276 | AN36: 15.754968 | AO36: 0.002999829 | AP36: 1.1450571 | AQ36: 0.24769506 | AR36: 1.2573851 | AS36: 238.30925 | AT36: 0.21448873 | AU36: 0.2102789 | AV36: 869.15823 | AW36: 0.068001505 | AX36: 0.11332555 | AY36: 16.143284 | AZ36: 1.5790068 | BA36: 0.058256008 | BB36: 0.058808025 | BC36: 40.053678 | BD36: 6.6641305 | BE36: 0.015789676 | BF36: 2322.8582 | BG36: 27.945562 | BH36: 0.095763386 | BI36: 27.452339 | BJ36: 0.71492852 | BK36: 0.39905051 | BL36: 3.803665 | BM36: 3.6514678 | BN36: 0.023927725 | BO36: 0.017206528 | BP36: 0.007800764 | BQ36: 0.00969734 | BR36: 0.002885197 | BS36: 0.052045823 | BT36: 996.42549 | BU36: 991.90682 | BV36: 0.035611172 | BW36: 0.003298761 | BX36: 0.019886531 | BY36: 27.823662 | BZ36: 0.008461499 | CA36: 71.359535 | CB36: 0.085608792 | CC36: 0.080014972 | CD36: 0.26342996 | CE36: NaN | CF36: 340.24025 | CG36: 0.25436409 | CH36: 0.31260009 | CI36: 3.2909323 | CJ36: 2.43122e-05 | CK36: 0.084432881 | CL36: 0.045760598 | CM36: 0.29276799 | CN36: 21.320625 | CO36: 0.026614302 | CP36: 0.025129311 | CQ36: 160.56113 | CR36: 0.003378682 | CS36: 0.017508896 | CT36: 2.872386 | CU36: 0.2247597 | CV36: NaN | CW36: NaN | CX36: 10.668526 | CY36: 0.75567034 | CZ36: 0.27520219 | DA36: 1619.8599 | DB36: 23.723262 | DC36: 0.8300266 | DD36: 2.3130472 | DE36: 2.1617671 | DF36: NaN | DG36: 21.740798 | DH36: 735.7371 | DI36: 765.41137 | DJ36: 0.88630345 | DK36: 386.22625 | DL36: 0.22597435 | DM36: 0.80611041 | DN36: 4.9663326 | DO36: 980.93672 | DP36: 0.93028974 | DQ36: 0.21417594 | DR36: 0.086040188 | DS36: 265.72181 | DT36: 0.049388711 | DU36: 10.763739 | DV36: 5.2538021 | DW36: 0.90769548 | DX36: 0.033156005 | DY36: 19.4137 | DZ36: =IFERROR(IF(BE36<J36,BE36*-1+J36,"NaN"),"NaN") -> 0.29187811 | EA36: =IFERROR(IF(BF36<K36,BF36*-1+K36,"NaN"),"NaN") -> 9555.3978 | EB36: =IFERROR(IF(BG36<L36,BG36*-1+L36,"NaN"),"NaN") -> 320.67293 | EC36: =IFERROR(IF(BH36<M36,BH36*-1+M36,"NaN"),"NaN") -> 0.99232976 | ED36: =IFERROR(IF(BI36<N36,BI36*-1+N36,"NaN"),"NaN") -> 407.79767 | EE36: =IFERROR(IF(BJ36<O36,BJ36*-1+O36,"NaN"),"NaN") -> 3.4788356 | EF36: =IFERROR(IF(BK36<P36,BK36*-1+P36,"NaN"),"NaN") -> 6.6344777 | EG36: =IFERROR(IF(BL36<R36,BL36*-1+R36,"NaN"),"NaN") -> 40.731811 | EH36: =IFERROR(IF(BM36<Y36,BM36*-1+Y36,"NaN"),"NaN") -> 4505.6945 | EI36: =IFERROR(IF(BN36<Z36,BN36*-1+Z36,"NaN"),"NaN") -> 4903.8161 | EJ36: =IFERROR(IF(BO36<AD36,BO36*-1+AD36,"NaN"),"NaN") -> 417.30312 | EK36: =IFERROR(IF(BP36<AF36,BP36*-1+AF36,"NaN"),"NaN") -> 521.95084 | EL36: =IFERROR(IF(BQ36<AG36,BQ36*-1+AG36,"NaN"),"NaN") -> 1.0815952 | EM36: =IFERROR(IF(BR36<AI36,BR36*-1+AI36,"NaN"),"NaN") -> 1.3499579 | EN36: =IFERROR(IF(BS36<AJ36,BS36*-1+AJ36,"NaN"),"NaN") -> 9.9587921 | EO36: =IFERROR(IF(BT36<AK36,BT36*-1+AK36,"NaN"),"NaN") -> 1146.8742 | EP36: =IFERROR(IF(BU36<AL36,BU36*-1+AL36,"NaN"),"NaN") -> NaN | EQ36: =IFERROR(IF(BV36<AM36,BV36*-1+AM36,"NaN"),"NaN") -> 1.6754164 | ER36: =IFERROR(IF(BW36<AP36,BW36*-1+AP36,"NaN"),"NaN") -> 1.1417583 | ES36: =IFERROR(IF(BX36<AS36,BX36*-1+AS36,"NaN"),"NaN") -> 238.28937 | ET36: =IFERROR(IF(BY36<AU36,BY36*-1+AU36,"NaN"),"NaN") -> NaN | EU36: =IFERROR(IF(BZ36<AV36,BZ36*-1+AV36,"NaN"),"NaN") -> 869.14977 | EV36: =IFERROR(IF(CA36<AY36,CA36*-1+AY36,"NaN"),"NaN") -> NaN | EW36: =IFERROR(IF(CB36<AZ36,CB36*-1+AZ36,"NaN"),"NaN") -> 1.493398 | EX36: =IFERROR(IF(CC36<BB36,CC36*-1+BB36,"NaN"),"NaN") -> NaN | EY36: =IFERROR(IF(CD36<BC36,CD36*-1+BC36,"NaN"),"NaN") -> 39.790248
A37: 19094 | B37: 5S | C37: 5 | D37: S | E37: -263.73 | F37: -71.5288 | G37: -116.3585 | H37: 238.315 | I37: 727.27 | J37: 0.10706685 | K37: 3958.2023 | L37: 285.62815 | M37: 0.3095147 | N37: 352.35437 | O37: 1.2981164 | P37: 2.9342109 | Q37: 35.5361 | R37: 31.981214 | S37: 0.037923522 | T37: 0.031982806 | U37: 0.01528051 | V37: 0.038071679 | W37: 0.00730056 | X37: 0.079187241 | Y37: 1164.5556 | Z37: 1225.3012 | AA37: 0.076689868 | AB37: 0.005939948 | AC37: 0.031915312 | AD37: 329.9391 | AE37: 0.011168082 | AF37: 103.73517 | AG37: 0.47490928 | AH37: 0.10278263 | AI37: 0.36066082 | AJ37: 4.2498295 | AK37: 1138.0341 | AL37: 0.36649626 | AM37: 0.45663809 | AN37: 5.5236961 | AO37: 0.002074151 | AP37: 0.31056027 | AQ37: 0.062877195 | AR37: 0.3944824 | AS37: 177.15015 | AT37: 0.046304855 | AU37: 0.032187114 | AV37: 250.85114 | AW37: 0.016145182 | AX37: 0.036908875 | AY37: 3.8725212 | AZ37: 0.38734805 | BA37: 0.016612042 | BB37: 0.015895421 | BC37: 16.848177 | BD37: 0.64656139 | BE37: 0.034542685 | BF37: 6916.3286 | BG37: 102.13765 | BH37: 0.16653386 | BI37: 98.184807 | BJ37: 1.6176652 | BK37: 6.1694995 | BL37: 10.688624 | BM37: 10.674143 | BN37: 0.095565275 | BO37: 0.076478452 | BP37: 0.037139003 | BQ37: 0.022718227 | BR37: 0.020384976 | BS37: 0.13969443 | BT37: 2564.0107 | BU37: 2561.6097 | BV37: 0.20515049 | BW37: 0.014029194 | BX37: 0.071509052 | BY37: 100.86338 | BZ37: 0.031916864 | CA37: 135.85794 | CB37: 0.19867376 | CC37: 0.23107158 | CD37: 0.76289002 | CE37: NaN | CF37: 855.30326 | CG37: 0.74653618 | CH37: 0.8930058 | CI37: 8.4130926 | CJ37: 0.000295829 | CK37: 0.55635104 | CL37: 0.13343247 | CM37: 0.80285515 | CN37: 137.83757 | CO37: 0.11220273 | CP37: 0.080417487 | CQ37: 421.72631 | CR37: 0.02786021 | CS37: 0.065379626 | CT37: 7.8990441 | CU37: 0.72749664 | CV37: 0.021636565 | CW37: 0.019909872 | CX37: 37.851192 | CY37: 2.9626577 | CZ37: 0.16606055 | DA37: 730.16974 | DB37: 29.598682 | DC37: 0.24761455 | DD37: 1.1176184 | DE37: 1.0536313 | DF37: NaN | DG37: 22.365641 | DH37: 387.1227 | DI37: 403.33002 | DJ37: 0.42738734 | DK37: 119.37303 | DL37: NaN | DM37: 0.39712219 | DN37: 35.257246 | DO37: 752.31417 | DP37: 0.36688525 | DQ37: 0.10397594 | DR37: 0.087646501 | DS37: 212.35767 | DT37: 0.042569841 | DU37: 5.5077285 | DV37: 2.5359993 | DW37: 0.4695208 | DX37: 0.01915264 | DY37: 12.656569 | DZ37: =IFERROR(IF(BE37<J37,BE37*-1+J37,"NaN"),"NaN") -> 0.072524169 | EA37: =IFERROR(IF(BF37<K37,BF37*-1+K37,"NaN"),"NaN") -> NaN | EB37: =IFERROR(IF(BG37<L37,BG37*-1+L37,"NaN"),"NaN") -> 183.49049 | EC37: =IFERROR(IF(BH37<M37,BH37*-1+M37,"NaN"),"NaN") -> 0.14298084 | ED37: =IFERROR(IF(BI37<N37,BI37*-1+N37,"NaN"),"NaN") -> 254.16957 | EE37: =IFERROR(IF(BJ37<O37,BJ37*-1+O37,"NaN"),"NaN") -> NaN | EF37: =IFERROR(IF(BK37<P37,BK37*-1+P37,"NaN"),"NaN") -> NaN | EG37: =IFERROR(IF(BL37<R37,BL37*-1+R37,"NaN"),"NaN") -> 21.29259 | EH37: =IFERROR(IF(BM37<Y37,BM37*-1+Y37,"NaN"),"NaN") -> 1153.8815 | EI37: =IFERROR(IF(BN37<Z37,BN37*-1+Z37,"NaN"),"NaN") -> 1225.2056 | EJ37: =IFERROR(IF(BO37<AD37,BO37*-1+AD37,"NaN"),"NaN") -> 329.86262 | EK37: =IFERROR(IF(BP37<AF37,BP37*-1+AF37,"NaN"),"NaN") -> 103.69803 | EL37: =IFERROR(IF(BQ37<AG37,BQ37*-1+AG37,"NaN"),"NaN") -> 0.45219106 | EM37: =IFERROR(IF(BR37<AI37,BR37*-1+AI37,"NaN"),"NaN") -> 0.34027585 | EN37: =IFERROR(IF(BS37<AJ37,BS37*-1+AJ37,"NaN"),"NaN") -> 4.110135 | EO37: =IFERROR(IF(BT37<AK37,BT37*-1+AK37,"NaN"),"NaN") -> NaN | EP37: =IFERROR(IF(BU37<AL37,BU37*-1+AL37,"NaN"),"NaN") -> NaN | EQ37: =IFERROR(IF(BV37<AM37,BV37*-1+AM37,"NaN"),"NaN") -> 0.2514876 | ER37: =IFERROR(IF(BW37<AP37,BW37*-1+AP37,"NaN"),"NaN") -> 0.29653107 | ES37: =IFERROR(IF(BX37<AS37,BX37*-1+AS37,"NaN"),"NaN") -> 177.07864 | ET37: =IFERROR(IF(BY37<AU37,BY37*-1+AU37,"NaN"),"NaN") -> NaN | EU37: =IFERROR(IF(BZ37<AV37,BZ37*-1+AV37,"NaN"),"NaN") -> 250.81923 | EV37: =IFERROR(IF(CA37<AY37,CA37*-1+AY37,"NaN"),"NaN") -> NaN | EW37: =IFERROR(IF(CB37<AZ37,CB37*-1+AZ37,"NaN"),"NaN") -> 0.18867428 | EX37: =IFERROR(IF(CC37<BB37,CC37*-1+BB37,"NaN"),"NaN") -> NaN | EY37: =IFERROR(IF(CD37<BC37,CD37*-1+BC37,"NaN"),"NaN") -> 16.085287
A38: 19095 | B38: 5S | C38: 5 | D38: S | E38: -40.7 | F38: -71.5288 | G38: -116.3585 | H38: 238.315 | I38: 950.3 | J38: 0.1306422 | K38: 3875.9902 | L38: 333.22805 | M38: 0.30199131 | N38: 414.13309 | O38: 1.361297 | P38: 9.6463119 | Q38: 48.361746 | R38: 43.386972 | S38: 0.034734522 | T38: 0.033350163 | U38: 0.018487375 | V38: 0.060012159 | W38: 0.005988968 | X38: 0.093842562 | Y38: 1110.0586 | Z38: 1185.562 | AA38: 0.053306186 | AB38: 0.007572481 | AC38: 0.036515212 | AD38: 385.14229 | AE38: 0.010806751 | AF38: 123.43729 | AG38: 0.80795919 | AH38: 0.10979754 | AI38: 0.37504537 | AJ38: 5.6222307 | AK38: 1272.1299 | AL38: 0.41193802 | AM38: 0.47485146 | AN38: 5.5153084 | AO38: 0.00440745 | AP38: 0.21494293 | AQ38: 0.073173393 | AR38: 0.4746063 | AS38: 206.24309 | AT38: 0.041566436 | AU38: 0.045540217 | AV38: 252.42444 | AW38: 0.016448036 | AX38: 0.053936029 | AY38: 4.5363157 | AZ38: 0.42929966 | BA38: 0.010884742 | BB38: 0.015869348 | BC38: 37.022027 | BD38: 1.0838197 | BE38: 0.002856862 | BF38: 975.40104 | BG38: 15.761235 | BH38: 0.021163783 | BI38: 15.639072 | BJ38: 0.17204462 | BK38: 0.83629892 | BL38: 1.7241656 | BM38: 1.7389174 | BN38: NaN | BO38: NaN | BP38: NaN | BQ38: 0.007378372 | BR38: NaN | BS38: 0.017907257 | BT38: 272.32818 | BU38: 279.41934 | BV38: NaN | BW38: 0.000297136 | BX38: 0.002664622 | BY38: 15.962436 | BZ38: 0.002767987 | CA38: 14.618587 | CB38: 0.017512044 | CC38: 0.020382065 | CD38: 0.073889751 | CE38: NaN | CF38: 67.774674 | CG38: 0.069021646 | CH38: 0.090430093 | CI38: 1.4980018 | CJ38: 6.66012e-08 | CK38: NaN | CL38: 0.012000708 | CM38: 0.091814016 | CN38: 8.362352 | CO38: NaN | CP38: 0.00611113 | CQ38: 40.085198 | CR38: NaN | CS38: 0.004165869 | CT38: 0.67420105 | CU38: 0.073553043 | CV38: NaN | CW38: NaN | CX38: 11.26982 | CY38: 0.1012633 | CZ38: 0.11090633 | DA38: 389.82263 | DB38: 36.058149 | DC38: 0.1974947 | DD38: 0.58927581 | DE38: 0.64583892 | DF38: 2.6928735 | DG38: 21.607878 | DH38: 237.93992 | DI38: 245.32622 | DJ38: 0.21827239 | DK38: 77.862233 | DL38: NaN | DM38: 0.20941469 | DN38: 2.4236089 | DO38: 677.26794 | DP38: 0.20484892 | DQ38: 0.054747994 | DR38: 0.075659702 | DS38: NaN | DT38: 0.024570743 | DU38: 3.4014051 | DV38: 1.6941501 | DW38: 0.26600306 | DX38: 0.011034945 | DY38: 12.221398 | DZ38: =IFERROR(IF(BE38<J38,BE38*-1+J38,"NaN"),"NaN") -> 0.12778534 | EA38: =IFERROR(IF(BF38<K38,BF38*-1+K38,"NaN"),"NaN") -> 2900.5892 | EB38: =IFERROR(IF(BG38<L38,BG38*-1+L38,"NaN"),"NaN") -> 317.46681 | EC38: =IFERROR(IF(BH38<M38,BH38*-1+M38,"NaN"),"NaN") -> 0.28082753 | ED38: =IFERROR(IF(BI38<N38,BI38*-1+N38,"NaN"),"NaN") -> 398.49401 | EE38: =IFERROR(IF(BJ38<O38,BJ38*-1+O38,"NaN"),"NaN") -> 1.1892523 | EF38: =IFERROR(IF(BK38<P38,BK38*-1+P38,"NaN"),"NaN") -> 8.810013 | EG38: =IFERROR(IF(BL38<R38,BL38*-1+R38,"NaN"),"NaN") -> 41.662806 | EH38: =IFERROR(IF(BM38<Y38,BM38*-1+Y38,"NaN"),"NaN") -> 1108.3197 | EI38: =IFERROR(IF(BN38<Z38,BN38*-1+Z38,"NaN"),"NaN") -> NaN | EJ38: =IFERROR(IF(BO38<AD38,BO38*-1+AD38,"NaN"),"NaN") -> NaN | EK38: =IFERROR(IF(BP38<AF38,BP38*-1+AF38,"NaN"),"NaN") -> NaN | EL38: =IFERROR(IF(BQ38<AG38,BQ38*-1+AG38,"NaN"),"NaN") -> 0.80058082 | EM38: =IFERROR(IF(BR38<AI38,BR38*-1+AI38,"NaN"),"NaN") -> NaN | EN38: =IFERROR(IF(BS38<AJ38,BS38*-1+AJ38,"NaN"),"NaN") -> 5.6043234 | EO38: =IFERROR(IF(BT38<AK38,BT38*-1+AK38,"NaN"),"NaN") -> 999.8017 | EP38: =IFERROR(IF(BU38<AL38,BU38*-1+AL38,"NaN"),"NaN") -> NaN | EQ38: =IFERROR(IF(BV38<AM38,BV38*-1+AM38,"NaN"),"NaN") -> NaN | ER38: =IFERROR(IF(BW38<AP38,BW38*-1+AP38,"NaN"),"NaN") -> 0.21464579 | ES38: =IFERROR(IF(BX38<AS38,BX38*-1+AS38,"NaN"),"NaN") -> 206.24043 | ET38: =IFERROR(IF(BY38<AU38,BY38*-1+AU38,"NaN"),"NaN") -> NaN | EU38: =IFERROR(IF(BZ38<AV38,BZ38*-1+AV38,"NaN"),"NaN") -> 252.42167 | EV38: =IFERROR(IF(CA38<AY38,CA38*-1+AY38,"NaN"),"NaN") -> NaN | EW38: =IFERROR(IF(CB38<AZ38,CB38*-1+AZ38,"NaN"),"NaN") -> 0.41178761 | EX38: =IFERROR(IF(CC38<BB38,CC38*-1+BB38,"NaN"),"NaN") -> NaN | EY38: =IFERROR(IF(CD38<BC38,CD38*-1+BC38,"NaN"),"NaN") -> 36.948137
A39: 19193 | B39: 6S | C39: 6 | D39: S | E39: -502 | F39: -72.5075 | G39: -116.0406 | H39: 130.8556 | I39: 42 | J39: 3.233463 | K39: 1056.1632 | L39: 33.809676 | M39: 37.842792 | N39: 45.129612 | O39: 2.8565606 | P39: NaN | Q39: 51.137023 | R39: 49.563153 | S39: NaN | T39: NaN | U39: NaN | V39: 0.13855427 | W39: NaN | X39: 0.091283556 | Y39: 354.46335 | Z39: 364.07202 | AA39: NaN | AB39: 0.004962383 | AC39: 0.004371752 | AD39: 42.448283 | AE39: NaN | AF39: 309.77149 | AG39: 6.8843382 | AH39: 0.036384165 | AI39: 0.1503522 | AJ39: 24.941836 | AK39: 88354.048 | AL39: 1.4384599 | AM39: 0.21887543 | AN39: 58.785742 | AO39: 0.010250427 | AP39: NaN | AQ39: 0.024223091 | AR39: 0.54523272 | AS39: 750.35271 | AT39: NaN | AU39: 0.024914674 | AV39: 120.92965 | AW39: NaN | AX39: 0.88278594 | AY39: 4.4866785 | AZ39: 0.1569778 | BA39: NaN | BB39: NaN | BC39: 297.48233 | BD39: 1.7435638 | BE39: 1.2348886 | BF39: 2897.7754 | BG39: 777.98627 | BH39: 19.502275 | BI39: 761.40303 | BJ39: 1.3774651 | BK39: 2.6871614 | BL39: 24.836122 | BM39: 24.544743 | BN39: NaN | BO39: NaN | BP39: NaN | BQ39: 0.013027681 | BR39: NaN | BS39: 0.054639339 | BT39: 1814.0068 | BU39: 1804.6455 | BV39: 0.053430418 | BW39: NaN | BX39: 0.010832759 | BY39: 764.43561 | BZ39: 0.016219142 | CA39: 146.06996 | CB39: 0.98993284 | CC39: 0.07725661 | CD39: 0.25206901 | CE39: NaN | CF39: 37584.03 | CG39: 1.5688674 | CH39: 0.34684109 | CI39: 14.936908 | CJ39: 0.00077904 | CK39: NaN | CL39: 0.037814701 | CM39: 0.35852753 | CN39: 175.4531 | CO39: NaN | CP39: 0.019982418 | CQ39: 357.50495 | CR39: NaN | CS39: 0.41643295 | CT39: 5.3360866 | CU39: 0.50976406 | CV39: NaN | CW39: NaN | CX39: 290.48381 | CY39: 4.3154187 | CZ39: 9.0835691 | DA39: 584.56833 | DB39: 24.087926 | DC39: 71.297709 | DD39: 1.2600242 | DE39: 4.5194315 | DF39: 49.576943 | DG39: 44.103753 | DH39: 382.95529 | DI39: 388.22875 | DJ39: 0.4890633 | DK39: 700.49943 | DL39: 1.937691 | DM39: 0.3329444 | DN39: 53.239969 | DO39: 187771.51 | DP39: 3.2809251 | DQ39: 0.088826848 | DR39: 0.5945473 | DS39: 3586.9837 | DT39: 0.10756673 | DU39: NaN | DV39: 14.027497 | DW39: 0.57803284 | DX39: 0.026555513 | DY39: 541.22488 | DZ39: =IFERROR(IF(BE39<J39,BE39*-1+J39,"NaN"),"NaN") -> 1.9985744 | EA39: =IFERROR(IF(BF39<K39,BF39*-1+K39,"NaN"),"NaN") -> NaN | EB39: =IFERROR(IF(BG39<L39,BG39*-1+L39,"NaN"),"NaN") -> NaN | EC39: =IFERROR(IF(BH39<M39,BH39*-1+M39,"NaN"),"NaN") -> 18.340517 | ED39: =IFERROR(IF(BI39<N39,BI39*-1+N39,"NaN"),"NaN") -> NaN | EE39: =IFERROR(IF(BJ39<O39,BJ39*-1+O39,"NaN"),"NaN") -> 1.4790955 | EF39: =IFERROR(IF(BK39<P39,BK39*-1+P39,"NaN"),"NaN") -> NaN | EG39: =IFERROR(IF(BL39<R39,BL39*-1+R39,"NaN"),"NaN") -> 24.727031 | EH39: =IFERROR(IF(BM39<Y39,BM39*-1+Y39,"NaN"),"NaN") -> 329.91861 | EI39: =IFERROR(IF(BN39<Z39,BN39*-1+Z39,"NaN"),"NaN") -> NaN | EJ39: =IFERROR(IF(BO39<AD39,BO39*-1+AD39,"NaN"),"NaN") -> NaN | EK39: =IFERROR(IF(BP39<AF39,BP39*-1+AF39,"NaN"),"NaN") -> NaN | EL39: =IFERROR(IF(BQ39<AG39,BQ39*-1+AG39,"NaN"),"NaN") -> 6.8713105 | EM39: =IFERROR(IF(BR39<AI39,BR39*-1+AI39,"NaN"),"NaN") -> NaN | EN39: =IFERROR(IF(BS39<AJ39,BS39*-1+AJ39,"NaN"),"NaN") -> 24.887196 | EO39: =IFERROR(IF(BT39<AK39,BT39*-1+AK39,"NaN"),"NaN") -> 86540.041 | EP39: =IFERROR(IF(BU39<AL39,BU39*-1+AL39,"NaN"),"NaN") -> NaN | EQ39: =IFERROR(IF(BV39<AM39,BV39*-1+AM39,"NaN"),"NaN") -> 0.16544502 | ER39: =IFERROR(IF(BW39<AP39,BW39*-1+AP39,"NaN"),"NaN") -> NaN | ES39: =IFERROR(IF(BX39<AS39,BX39*-1+AS39,"NaN"),"NaN") -> 750.34188 | ET39: =IFERROR(IF(BY39<AU39,BY39*-1+AU39,"NaN"),"NaN") -> NaN | EU39: =IFERROR(IF(BZ39<AV39,BZ39*-1+AV39,"NaN"),"NaN") -> 120.91343 | EV39: =IFERROR(IF(CA39<AY39,CA39*-1+AY39,"NaN"),"NaN") -> NaN | EW39: =IFERROR(IF(CB39<AZ39,CB39*-1+AZ39,"NaN"),"NaN") -> NaN | EX39: =IFERROR(IF(CC39<BB39,CC39*-1+BB39,"NaN"),"NaN") -> NaN | EY39: =IFERROR(IF(CD39<BC39,CD39*-1+BC39,"NaN"),"NaN") -> 297.23026
A40: 19194 | B40: 6S | C40: 6 | D40: S | E40: -482 | F40: -72.5075 | G40: -116.0406 | H40: 130.8556 | I40: 62 | J40: 5.0423262 | K40: 8824.4871 | L40: 69.089638 | M40: 49.089242 | N40: 89.937968 | O40: 5.7674636 | P40: 29.345581 | Q40: 48.073513 | R40: 47.461416 | S40: 0.098642825 | T40: 0.083790479 | U40: 0.045438928 | V40: 0.11123293 | W40: 0.009858405 | X40: 0.20353537 | Y40: 2554.1385 | Z40: 2657.8435 | AA40: 0.046381837 | AB40: 0.017490023 | AC40: 0.08429303 | AD40: 86.669001 | AE40: 0.033787642 | AF40: 1060.7929 | AG40: 3.531465 | AH40: 0.30336964 | AI40: 1.0142949 | AJ40: 26.136272 | AK40: 48804.904 | AL40: 4.2470844 | AM40: 1.3221251 | AN40: 28.885891 | AO40: 0.008920562 | AP40: 0.34777443 | AQ40: 0.201697 | AR40: 1.2341852 | AS40: 572.24008 | AT40: 0.13268887 | AU40: 0.10524808 | AV40: 628.90355 | AW40: 0.042259718 | AX40: 0.40971454 | AY40: 13.72625 | AZ40: 1.0995751 | BA40: 0.024093503 | BB40: 0.038608012 | BC40: 248.63405 | BD40: 3.811107 | BE40: 0.72492971 | BF40: 3898.9967 | BG40: 21.427771 | BH40: 7.328487 | BI40: 21.096537 | BJ40: 1.1216257 | BK40: 5.0403618 | BL40: 7.9991492 | BM40: 7.6993464 | BN40: 0.038035569 | BO40: 0.030077334 | BP40: 0.01227239 | BQ40: 0.012268353 | BR40: 0.003214596 | BS40: 0.080117888 | BT40: 1244.1579 | BU40: 1255.1444 | BV40: 0.045910418 | BW40: 0.00460737 | BX40: 0.036662299 | BY40: 20.791763 | BZ40: 0.022291602 | CA40: 144.08658 | CB40: 0.70688806 | CC40: 0.12564564 | CD40: 0.41485139 | CE40: NaN | CF40: 13752.323 | CG40: 0.66770783 | CH40: 0.51296943 | CI40: 9.5197027 | CJ40: 0.000747211 | CK40: 0.23323337 | CL40: 0.075628323 | CM40: 0.45925771 | CN40: 149.04326 | CO40: 0.04288203 | CP40: 0.054896316 | CQ40: 173.43678 | CR40: 0.006491321 | CS40: 0.22855985 | CT40: 5.9430731 | CU40: 0.44829084 | CV40: 0.000879816 | CW40: 0.00190736 | CX40: 118.39977 | CY40: 1.8221405 | CZ40: 8.9229368 | DA40: 1608.7957 | DB40: 18.4468 | DC40: 63.211003 | DD40: 3.5359197 | DE40: 5.819767 | DF40: 10.338917 | DG40: 31.168552 | DH40: 907.3813 | DI40: 942.60347 | DJ40: 1.0500661 | DK40: 1472.2566 | DL40: 1.5474633 | DM40: 0.9417848 | DN40: 33.777533 | DO40: 68740.503 | DP40: 5.568234 | DQ40: 0.24676579 | DR40: 0.65672713 | DS40: 899.93808 | DT40: 0.16930939 | DU40: 5.1053795 | DV40: 20.48732 | DW40: 1.2067302 | DX40: 0.050017613 | DY40: 323.5298 | DZ40: =IFERROR(IF(BE40<J40,BE40*-1+J40,"NaN"),"NaN") -> 4.3173965 | EA40: =IFERROR(IF(BF40<K40,BF40*-1+K40,"NaN"),"NaN") -> 4925.4904 | EB40: =IFERROR(IF(BG40<L40,BG40*-1+L40,"NaN"),"NaN") -> 47.661867 | EC40: =IFERROR(IF(BH40<M40,BH40*-1+M40,"NaN"),"NaN") -> 41.760755 | ED40: =IFERROR(IF(BI40<N40,BI40*-1+N40,"NaN"),"NaN") -> 68.84143 | EE40: =IFERROR(IF(BJ40<O40,BJ40*-1+O40,"NaN"),"NaN") -> 4.6458378 | EF40: =IFERROR(IF(BK40<P40,BK40*-1+P40,"NaN"),"NaN") -> 24.305219 | EG40: =IFERROR(IF(BL40<R40,BL40*-1+R40,"NaN"),"NaN") -> 39.462267 | EH40: =IFERROR(IF(BM40<Y40,BM40*-1+Y40,"NaN"),"NaN") -> 2546.4391 | EI40: =IFERROR(IF(BN40<Z40,BN40*-1+Z40,"NaN"),"NaN") -> 2657.8055 | EJ40: =IFERROR(IF(BO40<AD40,BO40*-1+AD40,"NaN"),"NaN") -> 86.638924 | EK40: =IFERROR(IF(BP40<AF40,BP40*-1+AF40,"NaN"),"NaN") -> 1060.7806 | EL40: =IFERROR(IF(BQ40<AG40,BQ40*-1+AG40,"NaN"),"NaN") -> 3.5191966 | EM40: =IFERROR(IF(BR40<AI40,BR40*-1+AI40,"NaN"),"NaN") -> 1.0110803 | EN40: =IFERROR(IF(BS40<AJ40,BS40*-1+AJ40,"NaN"),"NaN") -> 26.056154 | EO40: =IFERROR(IF(BT40<AK40,BT40*-1+AK40,"NaN"),"NaN") -> 47560.746 | EP40: =IFERROR(IF(BU40<AL40,BU40*-1+AL40,"NaN"),"NaN") -> NaN | EQ40: =IFERROR(IF(BV40<AM40,BV40*-1+AM40,"NaN"),"NaN") -> 1.2762147 | ER40: =IFERROR(IF(BW40<AP40,BW40*-1+AP40,"NaN"),"NaN") -> 0.34316706 | ES40: =IFERROR(IF(BX40<AS40,BX40*-1+AS40,"NaN"),"NaN") -> 572.20342 | ET40: =IFERROR(IF(BY40<AU40,BY40*-1+AU40,"NaN"),"NaN") -> NaN | EU40: =IFERROR(IF(BZ40<AV40,BZ40*-1+AV40,"NaN"),"NaN") -> 628.88126 | EV40: =IFERROR(IF(CA40<AY40,CA40*-1+AY40,"NaN"),"NaN") -> NaN | EW40: =IFERROR(IF(CB40<AZ40,CB40*-1+AZ40,"NaN"),"NaN") -> 0.39268701 | EX40: =IFERROR(IF(CC40<BB40,CC40*-1+BB40,"NaN"),"NaN") -> NaN | EY40: =IFERROR(IF(CD40<BC40,CD40*-1+BC40,"NaN"),"NaN") -> 248.21919
A41: 19195 | B41: 6S | C41: 6 | D41: S | E41: -422 | F41: -72.5075 | G41: -116.0406 | H41: 130.8556 | I41: 122 | J41: 1.2576084 | K41: 15442.162 | L41: 87.313353 | M41: 10.474326 | N41: 114.22566 | O41: 5.0934018 | P41: 37.872804 | Q41: 34.370267 | R41: 34.763021 | S41: 0.17249668 | T41: 0.13442098 | U41: 0.067390173 | V41: 0.10611645 | W41: 0.020425884 | X41: 0.24814637 | Y41: 4612.3731 | Z41: 4679.9777 | AA41: 0.19676467 | AB41: 0.024522129 | AC41: 0.13694076 | AD41: 109.71793 | AE41: 0.056096044 | AF41: 1104.8927 | AG41: 2.3780139 | AH41: 0.44481106 | AI41: 1.5354944 | AJ41: 9.3907745 | AK41: 9500.9705 | AL41: 4.1116051 | AM41: 1.8661886 | AN41: 17.690661 | AO41: 0.046790517 | AP41: 1.0334927 | AQ41: 0.28323657 | AR41: 1.5624933 | AS41: 253.55446 | AT41: 0.23519137 | AU41: 0.17699081 | AV41: 807.24641 | AW41: 0.064784551 | AX41: 0.17221658 | AY41: 19.76764 | AZ41: 1.6462103 | BA41: 0.047164316 | BB41: 0.048151499 | BC41: 116.79476 | BD41: 5.8184225 | BE41: 0.075733105 | BF41: 4791.0588 | BG41: 119.59685 | BH41: 0.60470021 | BI41: 117.06111 | BJ41: 0.98412192 | BK41: 4.3923344 | BL41: 5.6374313 | BM41: 5.4147648 | BN41: 0.041421678 | BO41: 0.033671607 | BP41: 0.01412343 | BQ41: 0.011723171 | BR41: 0.006843795 | BS41: 0.083225375 | BT41: 1470.0239 | BU41: 1466.213 | BV41: 0.083886885 | BW41: 0.005463771 | BX41: 0.039690567 | BY41: 117.36874 | BZ41: 0.019874071 | CA41: 140.03683 | CB41: 0.39863474 | CC41: 0.13509498 | CD41: 0.44920752 | CE41: NaN | CF41: 1590.8276 | CG41: 0.94472344 | CH41: 0.53674412 | CI41: 5.7328238 | CJ41: 0.000646803 | CK41: 0.24456373 | CL41: 0.088302469 | CM41: 0.48862538 | CN41: 105.64126 | CO41: 0.052446789 | CP41: 0.053568509 | CQ41: 219.49614 | CR41: 0.007826845 | CS41: 0.055484703 | CT41: 4.6947813 | CU41: 0.4548825 | CV41: 0.005283133 | CW41: 0.00508201 | CX41: 96.325397 | CY41: 1.0963718 | CZ41: 2.6373122 | DA41: 2136.146 | DB41: 20.903337 | DC41: 17.298817 | DD41: 3.9035378 | DE41: 4.6621731 | DF41: 8.8805869 | DG41: 27.006214 | DH41: 1349.5515 | DI41: 1388.9434 | DJ41: 1.2244544 | DK41: 1322.6386 | DL41: 1.6338349 | DM41: 1.1278223 | DN41: 8.8942913 | DO41: 14467.648 | DP41: 4.8473001 | DQ41: 0.29458421 | DR41: 0.39280948 | DS41: 538.75753 | DT41: 0.16425242 | DU41: 14.678216 | DV41: 18.669798 | DW41: 1.3520438 | DX41: 0.048343402 | DY41: 116.49174 | DZ41: =IFERROR(IF(BE41<J41,BE41*-1+J41,"NaN"),"NaN") -> 1.1818753 | EA41: =IFERROR(IF(BF41<K41,BF41*-1+K41,"NaN"),"NaN") -> 10651.104 | EB41: =IFERROR(IF(BG41<L41,BG41*-1+L41,"NaN"),"NaN") -> NaN | EC41: =IFERROR(IF(BH41<M41,BH41*-1+M41,"NaN"),"NaN") -> 9.8696255 | ED41: =IFERROR(IF(BI41<N41,BI41*-1+N41,"NaN"),"NaN") -> NaN | EE41: =IFERROR(IF(BJ41<O41,BJ41*-1+O41,"NaN"),"NaN") -> 4.1092799 | EF41: =IFERROR(IF(BK41<P41,BK41*-1+P41,"NaN"),"NaN") -> 33.48047 | EG41: =IFERROR(IF(BL41<R41,BL41*-1+R41,"NaN"),"NaN") -> 29.12559 | EH41: =IFERROR(IF(BM41<Y41,BM41*-1+Y41,"NaN"),"NaN") -> 4606.9584 | EI41: =IFERROR(IF(BN41<Z41,BN41*-1+Z41,"NaN"),"NaN") -> 4679.9363 | EJ41: =IFERROR(IF(BO41<AD41,BO41*-1+AD41,"NaN"),"NaN") -> 109.68426 | EK41: =IFERROR(IF(BP41<AF41,BP41*-1+AF41,"NaN"),"NaN") -> 1104.8786 | EL41: =IFERROR(IF(BQ41<AG41,BQ41*-1+AG41,"NaN"),"NaN") -> 2.3662907 | EM41: =IFERROR(IF(BR41<AI41,BR41*-1+AI41,"NaN"),"NaN") -> 1.5286506 | EN41: =IFERROR(IF(BS41<AJ41,BS41*-1+AJ41,"NaN"),"NaN") -> 9.3075491 | EO41: =IFERROR(IF(BT41<AK41,BT41*-1+AK41,"NaN"),"NaN") -> 8030.9466 | EP41: =IFERROR(IF(BU41<AL41,BU41*-1+AL41,"NaN"),"NaN") -> NaN | EQ41: =IFERROR(IF(BV41<AM41,BV41*-1+AM41,"NaN"),"NaN") -> 1.7823017 | ER41: =IFERROR(IF(BW41<AP41,BW41*-1+AP41,"NaN"),"NaN") -> 1.028029 | ES41: =IFERROR(IF(BX41<AS41,BX41*-1+AS41,"NaN"),"NaN") -> 253.51477 | ET41: =IFERROR(IF(BY41<AU41,BY41*-1+AU41,"NaN"),"NaN") -> NaN | EU41: =IFERROR(IF(BZ41<AV41,BZ41*-1+AV41,"NaN"),"NaN") -> 807.22654 | EV41: =IFERROR(IF(CA41<AY41,CA41*-1+AY41,"NaN"),"NaN") -> NaN | EW41: =IFERROR(IF(CB41<AZ41,CB41*-1+AZ41,"NaN"),"NaN") -> 1.2475756 | EX41: =IFERROR(IF(CC41<BB41,CC41*-1+BB41,"NaN"),"NaN") -> NaN | EY41: =IFERROR(IF(CD41<BC41,CD41*-1+BC41,"NaN"),"NaN") -> 116.34555
A42: 19196 | B42: 6S | C42: 6 | D42: S | E42: -342 | F42: -72.5075 | G42: -116.0406 | H42: 130.8556 | I42: 202 | J42: 0.8036009 | K42: 16776.709 | L42: 95.173813 | M42: 4.4925909 | N42: 126.97041 | O42: 6.4716205 | P42: 39.151476 | Q42: 37.933278 | R42: 36.9361 | S42: 0.22656242 | T42: 0.16767366 | U42: 0.091561183 | V42: 0.11331039 | W42: 0.029917551 | X42: 0.29526655 | Y42: 5366.6821 | Z42: 5471.2884 | AA42: 0.31169761 | AB42: 0.030162711 | AC42: 0.17090057 | AD42: 123.23677 | AE42: 0.066308133 | AF42: 1315.8254 | AG42: 2.4439727 | AH42: 0.56308326 | AI42: 1.8792546 | AJ42: 10.035174 | AK42: 5919.8976 | AL42: 4.8521183 | AM42: 2.3378804 | AN42: 24.398476 | AO42: 0.008811277 | AP42: 1.5195704 | AQ42: 0.35047208 | AR42: 1.9070435 | AS42: 409.41286 | AT42: 0.29339554 | AU42: 0.20408476 | AV42: 1137.6946 | AW42: 0.080822013 | AX42: 0.208727 | AY42: 26.326943 | AZ42: 1.9861461 | BA42: 0.056951028 | BB42: 0.060667025 | BC42: 76.611203 | BD42: 6.8364797 | BE42: 0.25679108 | BF42: 4922.2425 | BG42: 168.44702 | BH42: 0.45520133 | BI42: 166.94149 | BJ42: 1.3457929 | BK42: 11.386633 | BL42: 6.9687199 | BM42: 6.747139 | BN42: 0.061623901 | BO42: 0.051373903 | BP42: 0.0242633 | BQ42: 0.013647496 | BR42: 0.011281351 | BS42: 0.098246058 | BT42: 1643.963 | BU42: 1652.1076 | BV42: 0.12996448 | BW42: 0.00816213 | BX42: 0.051630657 | BY42: 166.70909 | BZ42: 0.027889346 | CA42: 156.78871 | CB42: 1.1613086 | CC42: 0.16367132 | CD42: 0.52525399 | CE42: 2.7132 | CF42: 2435.3029 | CG42: 0.94069762 | CH42: 0.62451867 | CI42: 6.3410572 | CJ42: 0.000446451 | CK42: 0.29937439 | CL42: 0.10261592 | CM42: 0.58990695 | CN42: 68.327162 | CO42: 0.075075419 | CP42: 0.051164397 | CQ42: 311.97543 | CR42: 0.017318861 | CS42: 0.051570434 | CT42: 5.9194432 | CU42: 0.60136259 | CV42: 0.015205385 | CW42: 0.008830447 | CX42: 54.529335 | CY42: 1.5528894 | CZ42: 0.89765906 | DA42: 2874.374 | DB42: 25.373779 | DC42: 3.5206017 | DD42: 4.8759062 | DE42: 4.929268 | DF42: 40.081311 | DG42: 24.169845 | DH42: 1854.5964 | DI42: 1959.3506 | DJ42: 1.5584266 | DK42: 1422.3524 | DL42: 1.0441603 | DM42: 1.4824277 | DN42: 6.5309525 | DO42: 4695.7291 | DP42: 5.1341936 | DQ42: 0.38625941 | DR42: 0.34022962 | DS42: 142.93142 | DT42: 0.20360602 | DU42: 32.203813 | DV42: 19.380611 | DW42: 1.6521034 | DX42: 0.063937468 | DY42: 49.31122 | DZ42: =IFERROR(IF(BE42<J42,BE42*-1+J42,"NaN"),"NaN") -> 0.54680982 | EA42: =IFERROR(IF(BF42<K42,BF42*-1+K42,"NaN"),"NaN") -> 11854.467 | EB42: =IFERROR(IF(BG42<L42,BG42*-1+L42,"NaN"),"NaN") -> NaN | EC42: =IFERROR(IF(BH42<M42,BH42*-1+M42,"NaN"),"NaN") -> 4.0373895 | ED42: =IFERROR(IF(BI42<N42,BI42*-1+N42,"NaN"),"NaN") -> NaN | EE42: =IFERROR(IF(BJ42<O42,BJ42*-1+O42,"NaN"),"NaN") -> 5.1258277 | EF42: =IFERROR(IF(BK42<P42,BK42*-1+P42,"NaN"),"NaN") -> 27.764843 | EG42: =IFERROR(IF(BL42<R42,BL42*-1+R42,"NaN"),"NaN") -> 29.96738 | EH42: =IFERROR(IF(BM42<Y42,BM42*-1+Y42,"NaN"),"NaN") -> 5359.9349 | EI42: =IFERROR(IF(BN42<Z42,BN42*-1+Z42,"NaN"),"NaN") -> 5471.2267 | EJ42: =IFERROR(IF(BO42<AD42,BO42*-1+AD42,"NaN"),"NaN") -> 123.1854 | EK42: =IFERROR(IF(BP42<AF42,BP42*-1+AF42,"NaN"),"NaN") -> 1315.8012 | EL42: =IFERROR(IF(BQ42<AG42,BQ42*-1+AG42,"NaN"),"NaN") -> 2.4303252 | EM42: =IFERROR(IF(BR42<AI42,BR42*-1+AI42,"NaN"),"NaN") -> 1.8679732 | EN42: =IFERROR(IF(BS42<AJ42,BS42*-1+AJ42,"NaN"),"NaN") -> 9.9369275 | EO42: =IFERROR(IF(BT42<AK42,BT42*-1+AK42,"NaN"),"NaN") -> 4275.9347 | EP42: =IFERROR(IF(BU42<AL42,BU42*-1+AL42,"NaN"),"NaN") -> NaN | EQ42: =IFERROR(IF(BV42<AM42,BV42*-1+AM42,"NaN"),"NaN") -> 2.2079159 | ER42: =IFERROR(IF(BW42<AP42,BW42*-1+AP42,"NaN"),"NaN") -> 1.5114083 | ES42: =IFERROR(IF(BX42<AS42,BX42*-1+AS42,"NaN"),"NaN") -> 409.36123 | ET42: =IFERROR(IF(BY42<AU42,BY42*-1+AU42,"NaN"),"NaN") -> NaN | EU42: =IFERROR(IF(BZ42<AV42,BZ42*-1+AV42,"NaN"),"NaN") -> 1137.6667 | EV42: =IFERROR(IF(CA42<AY42,CA42*-1+AY42,"NaN"),"NaN") -> NaN | EW42: =IFERROR(IF(CB42<AZ42,CB42*-1+AZ42,"NaN"),"NaN") -> 0.82483748 | EX42: =IFERROR(IF(CC42<BB42,CC42*-1+BB42,"NaN"),"NaN") -> NaN | EY42: =IFERROR(IF(CD42<BC42,CD42*-1+BC42,"NaN"),"NaN") -> 76.085949
A43: 19197 | B43: 6S | C43: 6 | D43: S | E43: -242 | F43: -72.5075 | G43: -116.0406 | H43: 130.8556 | I43: 302 | J43: 0.41254584 | K43: 13217.885 | L43: 73.855552 | M43: 2.4813653 | N43: 96.720462 | O43: 4.9064572 | P43: 14.890273 | Q43: 27.544644 | R43: 27.690794 | S43: 0.1615617 | T43: 0.12446869 | U43: 0.063206447 | V43: 0.094401823 | W43: 0.019737273 | X43: 0.21839592 | Y43: 4105.1465 | Z43: 4257.1466 | AA43: 0.18653171 | AB43: 0.022181876 | AC43: 0.12449345 | AD43: 94.331584 | AE43: 0.049566703 | AF43: 1107.6045 | AG43: 1.7414319 | AH43: 0.38778421 | AI43: 1.3258433 | AJ43: 7.5466238 | AK43: 3469.1492 | AL43: 3.7003865 | AM43: 1.6571478 | AN43: 16.346966 | AO43: 0.003280664 | AP43: 1.1406297 | AQ43: 0.24899745 | AR43: 1.3879982 | AS43: 63.230312 | AT43: 0.21496382 | AU43: 0.16848058 | AV43: 826.65031 | AW43: 0.060660249 | AX43: 0.12890707 | AY43: 19.153511 | AZ43: 1.48033 | BA43: 0.040395015 | BB43: 0.041796754 | BC43: 58.693092 | BD43: 4.9489651 | BE43: 0.15145199 | BF43: 3500.0945 | BG43: 20.834719 | BH43: 0.14917094 | BI43: 20.691199 | BJ43: 0.68845441 | BK43: 0.1551098 | BL43: 2.3234084 | BM43: 2.1652723 | BN43: 0.018059371 | BO43: 0.014896303 | BP43: 0.005340173 | BQ43: 0.00536602 | BR43: 0.005974918 | BS43: 0.066128322 | BT43: 1020.7026 | BU43: 1028.7791 | BV43: 0.042748802 | BW43: 0.002314656 | BX43: 0.017842768 | BY43: 20.638219 | BZ43: 0.00720312 | CA43: 113.91216 | CB43: 0.14776278 | CC43: 0.10568928 | CD43: 0.35005181 | CE43: NaN | CF43: 409.88824 | CG43: 0.55310312 | CH43: 0.41915577 | CI43: 3.6633945 | CJ43: 0.000368695 | CK43: 0.14456515 | CL43: 0.066228838 | CM43: 0.38073738 | CN43: 39.661762 | CO43: 0.022166259 | CP43: 0.041877887 | CQ43: 163.4829 | CR43: 0.000427078 | CS43: 0.027206543 | CT43: 3.494232 | CU43: 0.37167097 | CV43: NaN | CW43: NaN | CX43: 15.419255 | CY43: 0.84531262 | CZ43: 0.67345497 | DA43: 2403.9117 | DB43: 22.88625 | DC43: 2.9676564 | DD43: 4.2155122 | DE43: 4.5166987 | DF43: 20.590482 | DG43: 20.886251 | DH43: 1548.9343 | DI43: 1602.4492 | DJ43: 1.2905517 | DK43: 1341.7159 | DL43: 1.3255684 | DM43: 1.1722558 | DN43: 5.619614 | DO43: 3188.4159 | DP43: 4.5648106 | DQ43: 0.31129713 | DR43: 0.30368298 | DS43: 415.21139 | DT43: 0.18280195 | DU43: 30.73682 | DV43: 17.14114 | DW43: 1.314583 | DX43: 0.051505345 | DY43: 52.214326 | DZ43: =IFERROR(IF(BE43<J43,BE43*-1+J43,"NaN"),"NaN") -> 0.26109385 | EA43: =IFERROR(IF(BF43<K43,BF43*-1+K43,"NaN"),"NaN") -> 9717.7904 | EB43: =IFERROR(IF(BG43<L43,BG43*-1+L43,"NaN"),"NaN") -> 53.020833 | EC43: =IFERROR(IF(BH43<M43,BH43*-1+M43,"NaN"),"NaN") -> 2.3321944 | ED43: =IFERROR(IF(BI43<N43,BI43*-1+N43,"NaN"),"NaN") -> 76.029263 | EE43: =IFERROR(IF(BJ43<O43,BJ43*-1+O43,"NaN"),"NaN") -> 4.2180028 | EF43: =IFERROR(IF(BK43<P43,BK43*-1+P43,"NaN"),"NaN") -> 14.735164 | EG43: =IFERROR(IF(BL43<R43,BL43*-1+R43,"NaN"),"NaN") -> 25.367386 | EH43: =IFERROR(IF(BM43<Y43,BM43*-1+Y43,"NaN"),"NaN") -> 4102.9813 | EI43: =IFERROR(IF(BN43<Z43,BN43*-1+Z43,"NaN"),"NaN") -> 4257.1285 | EJ43: =IFERROR(IF(BO43<AD43,BO43*-1+AD43,"NaN"),"NaN") -> 94.316687 | EK43: =IFERROR(IF(BP43<AF43,BP43*-1+AF43,"NaN"),"NaN") -> 1107.5992 | EL43: =IFERROR(IF(BQ43<AG43,BQ43*-1+AG43,"NaN"),"NaN") -> 1.7360659 | EM43: =IFERROR(IF(BR43<AI43,BR43*-1+AI43,"NaN"),"NaN") -> 1.3198684 | EN43: =IFERROR(IF(BS43<AJ43,BS43*-1+AJ43,"NaN"),"NaN") -> 7.4804955 | EO43: =IFERROR(IF(BT43<AK43,BT43*-1+AK43,"NaN"),"NaN") -> 2448.4466 | EP43: =IFERROR(IF(BU43<AL43,BU43*-1+AL43,"NaN"),"NaN") -> NaN | EQ43: =IFERROR(IF(BV43<AM43,BV43*-1+AM43,"NaN"),"NaN") -> 1.614399 | ER43: =IFERROR(IF(BW43<AP43,BW43*-1+AP43,"NaN"),"NaN") -> 1.138315 | ES43: =IFERROR(IF(BX43<AS43,BX43*-1+AS43,"NaN"),"NaN") -> 63.212469 | ET43: =IFERROR(IF(BY43<AU43,BY43*-1+AU43,"NaN"),"NaN") -> NaN | EU43: =IFERROR(IF(BZ43<AV43,BZ43*-1+AV43,"NaN"),"NaN") -> 826.64311 | EV43: =IFERROR(IF(CA43<AY43,CA43*-1+AY43,"NaN"),"NaN") -> NaN | EW43: =IFERROR(IF(CB43<AZ43,CB43*-1+AZ43,"NaN"),"NaN") -> 1.3325672 | EX43: =IFERROR(IF(CC43<BB43,CC43*-1+BB43,"NaN"),"NaN") -> NaN | EY43: =IFERROR(IF(CD43<BC43,CD43*-1+BC43,"NaN"),"NaN") -> 58.34304
A44: 19198 | B44: 6S | C44: 6 | D44: S | E44: -92 | F44: -72.5075 | G44: -116.0406 | H44: 130.8556 | I44: 452 | J44: 0.21980928 | K44: 4375.8458 | L44: 71.025105 | M44: 0.81825515 | N44: 94.949513 | O44: 2.4507967 | P44: 5.2613816 | Q44: 20.594215 | R44: 20.570035 | S44: 0.045467441 | T44: 0.036106517 | U44: 0.025318037 | V44: 0.093504569 | W44: 0.004904571 | X44: 0.12059695 | Y44: 1520.0397 | Z44: 1561.1999 | AA44: NaN | AB44: 0.011018927 | AC44: 0.047542751 | AD44: 92.791153 | AE44: 0.015879849 | AF44: 478.07682 | AG44: 3.0363873 | AH44: 0.15851246 | AI44: 0.53844606 | AJ44: 3.3518305 | AK44: 1928.0168 | AL44: 1.0633559 | AM44: 0.6245566 | AN44: 25.08797 | AO44: 0.009594527 | AP44: 0.21663908 | AQ44: 0.093383116 | AR44: 0.8106312 | AS44: 816.85461 | AT44: 0.056157367 | AU44: 0.045574203 | AV44: 463.00805 | AW44: 0.017480075 | AX44: 0.23175768 | AY44: 7.0862322 | AZ44: 0.50148819 | BA44: 0.011487786 | BB44: 0.011381452 | BC44: 29.23258 | BD44: 1.5999572 | BE44: 0.022326879 | BF44: 3063.902 | BG44: 11.151736 | BH44: 0.050578456 | BI44: 11.316198 | BJ44: 0.68697464 | BK44: 5.0477156 | BL44: 2.2166809 | BM44: 2.1929233 | BN44: 0.031781256 | BO44: 0.025494853 | BP44: 0.011869592 | BQ44: 0.008454715 | BR44: 0.004679289 | BS44: 0.059843623 | BT44: 980.17599 | BU44: 975.34716 | BV44: 0.043931927 | BW44: 0.00406672 | BX44: 0.029726769 | BY44: 11.321482 | BZ44: 0.01522608 | CA44: 109.55965 | CB44: 0.11175757 | CC44: 0.093711179 | CD44: 0.3021464 | CE44: NaN | CF44: 218.05095 | CG44: 0.35244801 | CH44: 0.35665653 | CI44: 3.3671074 | CJ44: 0.000715446 | CK44: 0.12070782 | CL44: 0.055809064 | CM44: 0.32863225 | CN44: 23.66852 | CO44: 0.031879646 | CP44: 0.03540443 | CQ44: 156.96662 | CR44: 0.00924189 | CS44: 0.019891131 | CT44: 3.3431883 | CU44: 0.33681521 | CV44: 0.003798872 | CW44: 0.003818195 | CX44: 18.326876 | CY44: 0.85508117 | CZ44: 0.33926578 | DA44: 1417.0396 | DB44: 20.478389 | DC44: 0.76651997 | DD44: 2.1333124 | DE44: 1.9457362 | DF44: 7.3069419 | DG44: 15.873474 | DH44: 713.83058 | DI44: 732.71034 | DJ44: 0.72806736 | DK44: 563.72214 | DL44: 1.1557546 | DM44: 0.66302804 | DN44: 5.1439707 | DO44: 1254.4019 | DP44: 1.2582408 | DQ44: 0.18033466 | DR44: 0.15901387 | DS44: 572.18238 | DT44: 0.12566849 | DU44: 20.725616 | DV44: 6.6919079 | DW44: 0.76072661 | DX44: 0.032362504 | DY44: 23.134182 | DZ44: =IFERROR(IF(BE44<J44,BE44*-1+J44,"NaN"),"NaN") -> 0.1974824 | EA44: =IFERROR(IF(BF44<K44,BF44*-1+K44,"NaN"),"NaN") -> 1311.9438 | EB44: =IFERROR(IF(BG44<L44,BG44*-1+L44,"NaN"),"NaN") -> 59.873368 | EC44: =IFERROR(IF(BH44<M44,BH44*-1+M44,"NaN"),"NaN") -> 0.76767669 | ED44: =IFERROR(IF(BI44<N44,BI44*-1+N44,"NaN"),"NaN") -> 83.633315 | EE44: =IFERROR(IF(BJ44<O44,BJ44*-1+O44,"NaN"),"NaN") -> 1.7638221 | EF44: =IFERROR(IF(BK44<P44,BK44*-1+P44,"NaN"),"NaN") -> 0.21366592 | EG44: =IFERROR(IF(BL44<R44,BL44*-1+R44,"NaN"),"NaN") -> 18.353354 | EH44: =IFERROR(IF(BM44<Y44,BM44*-1+Y44,"NaN"),"NaN") -> 1517.8468 | EI44: =IFERROR(IF(BN44<Z44,BN44*-1+Z44,"NaN"),"NaN") -> 1561.1681 | EJ44: =IFERROR(IF(BO44<AD44,BO44*-1+AD44,"NaN"),"NaN") -> 92.765659 | EK44: =IFERROR(IF(BP44<AF44,BP44*-1+AF44,"NaN"),"NaN") -> 478.06495 | EL44: =IFERROR(IF(BQ44<AG44,BQ44*-1+AG44,"NaN"),"NaN") -> 3.0279326 | EM44: =IFERROR(IF(BR44<AI44,BR44*-1+AI44,"NaN"),"NaN") -> 0.53376677 | EN44: =IFERROR(IF(BS44<AJ44,BS44*-1+AJ44,"NaN"),"NaN") -> 3.2919868 | EO44: =IFERROR(IF(BT44<AK44,BT44*-1+AK44,"NaN"),"NaN") -> 947.84084 | EP44: =IFERROR(IF(BU44<AL44,BU44*-1+AL44,"NaN"),"NaN") -> NaN | EQ44: =IFERROR(IF(BV44<AM44,BV44*-1+AM44,"NaN"),"NaN") -> 0.58062467 | ER44: =IFERROR(IF(BW44<AP44,BW44*-1+AP44,"NaN"),"NaN") -> 0.21257236 | ES44: =IFERROR(IF(BX44<AS44,BX44*-1+AS44,"NaN"),"NaN") -> 816.82489 | ET44: =IFERROR(IF(BY44<AU44,BY44*-1+AU44,"NaN"),"NaN") -> NaN | EU44: =IFERROR(IF(BZ44<AV44,BZ44*-1+AV44,"NaN"),"NaN") -> 462.99282 | EV44: =IFERROR(IF(CA44<AY44,CA44*-1+AY44,"NaN"),"NaN") -> NaN | EW44: =IFERROR(IF(CB44<AZ44,CB44*-1+AZ44,"NaN"),"NaN") -> 0.38973062 | EX44: =IFERROR(IF(CC44<BB44,CC44*-1+BB44,"NaN"),"NaN") -> NaN | EY44: =IFERROR(IF(CD44<BC44,CD44*-1+BC44,"NaN"),"NaN") -> 28.930434
A45: 19199 | B45: 6S | C45: 6 | D45: S | E45: -38 | F45: -72.5075 | G45: -116.0406 | H45: 130.8556 | I45: 506 | J45: 0.82212028 | K45: 24748.866 | L45: 196.40857 | M45: 3.0044748 | N45: 255.35099 | O45: 10.226936 | P45: 27.278328 | Q45: 61.350001 | R45: 60.897044 | S45: 0.29989666 | T45: 0.23658684 | U45: 0.12528725 | V45: 0.19594484 | W45: 0.041456031 | X45: 0.40544989 | Y45: 8580.4395 | Z45: 8871.899 | AA45: 0.3774145 | AB45: 0.04383548 | AC45: 0.23901138 | AD45: 247.88456 | AE45: 0.089700338 | AF45: 2143.7616 | AG45: 2.7794786 | AH45: 0.71839447 | AI45: 2.4286926 | AJ45: 17.601003 | AK45: 4263.3422 | AL45: 5.0224106 | AM45: 2.9757128 | AN45: 26.862919 | AO45: 0.009147979 | AP45: 2.5523086 | AQ45: 0.45434234 | AR45: 2.5439222 | AS45: 453.76466 | AT45: 0.40898101 | AU45: 0.4190842 | AV45: 1649.5442 | AW45: 0.1060891 | AX45: 0.19902493 | AY45: 38.128034 | AZ45: 2.8032825 | BA45: 0.078774643 | BB45: 0.080735604 | BC45: 134.05395 | BD45: 11.640261 | BE45: 0.013622675 | BF45: 1866.1187 | BG45: 11.677078 | BH45: 0.022431872 | BI45: 11.519994 | BJ45: 0.43091196 | BK45: 4.1622663 | BL45: 1.5203899 | BM45: 1.473883 | BN45: 0.019667697 | BO45: 0.016134873 | BP45: 0.007440069 | BQ45: 0.005744916 | BR45: 0.003394839 | BS45: 0.038369744 | BT45: 667.1835 | BU45: 683.05676 | BV45: 0.030680875 | BW45: 0.002753457 | BX45: 0.017835188 | BY45: 11.529861 | BZ45: 0.008915409 | CA45: 67.150958 | CB45: 0.051235046 | CC45: 0.064444402 | CD45: 0.2186122 | CE45: NaN | CF45: 131.48464 | CG45: 0.210161 | CH45: 0.26110034 | CI45: 2.2995247 | CJ45: NaN | CK45: 0.070909617 | CL45: 0.040734859 | CM45: 0.2288523 | CN45: 11.472945 | CO45: 0.022572885 | CP45: 0.020728756 | CQ45: 107.37776 | CR45: 0.004470532 | CS45: 0.012498229 | CT45: 2.1822146 | CU45: 0.20348935 | CV45: 0.001624922 | CW45: NaN | CX45: 9.7941575 | CY45: 0.41493958 | CZ45: 1.1986243 | DA45: 5196.2035 | DB45: 50.73422 | DC45: 3.280754 | DD45: 8.4366541 | DE45: 9.5750553 | DF45: 26.008243 | DG45: 47.979802 | DH45: 3283.191 | DI45: 3389.7737 | DJ45: 2.7243207 | DK45: 2615.9475 | DL45: 2.6877769 | DM45: 2.5394311 | DN45: 12.644381 | DO45: 4133.8774 | DP45: 5.9545216 | DQ45: 0.67678907 | DR45: 0.5131618 | DS45: 995.56466 | DT45: 0.34134127 | DU45: 81.178768 | DV45: 29.941066 | DW45: 3.0622168 | DX45: 0.12257841 | DY45: 154.13928 | DZ45: =IFERROR(IF(BE45<J45,BE45*-1+J45,"NaN"),"NaN") -> 0.8084976 | EA45: =IFERROR(IF(BF45<K45,BF45*-1+K45,"NaN"),"NaN") -> 22882.747 | EB45: =IFERROR(IF(BG45<L45,BG45*-1+L45,"NaN"),"NaN") -> 184.73149 | EC45: =IFERROR(IF(BH45<M45,BH45*-1+M45,"NaN"),"NaN") -> 2.9820429 | ED45: =IFERROR(IF(BI45<N45,BI45*-1+N45,"NaN"),"NaN") -> 243.83099 | EE45: =IFERROR(IF(BJ45<O45,BJ45*-1+O45,"NaN"),"NaN") -> 9.7960237 | EF45: =IFERROR(IF(BK45<P45,BK45*-1+P45,"NaN"),"NaN") -> 23.116062 | EG45: =IFERROR(IF(BL45<R45,BL45*-1+R45,"NaN"),"NaN") -> 59.376654 | EH45: =IFERROR(IF(BM45<Y45,BM45*-1+Y45,"NaN"),"NaN") -> 8578.9656 | EI45: =IFERROR(IF(BN45<Z45,BN45*-1+Z45,"NaN"),"NaN") -> 8871.8793 | EJ45: =IFERROR(IF(BO45<AD45,BO45*-1+AD45,"NaN"),"NaN") -> 247.86842 | EK45: =IFERROR(IF(BP45<AF45,BP45*-1+AF45,"NaN"),"NaN") -> 2143.7542 | EL45: =IFERROR(IF(BQ45<AG45,BQ45*-1+AG45,"NaN"),"NaN") -> 2.7737337 | EM45: =IFERROR(IF(BR45<AI45,BR45*-1+AI45,"NaN"),"NaN") -> 2.4252978 | EN45: =IFERROR(IF(BS45<AJ45,BS45*-1+AJ45,"NaN"),"NaN") -> 17.562633 | EO45: =IFERROR(IF(BT45<AK45,BT45*-1+AK45,"NaN"),"NaN") -> 3596.1587 | EP45: =IFERROR(IF(BU45<AL45,BU45*-1+AL45,"NaN"),"NaN") -> NaN | EQ45: =IFERROR(IF(BV45<AM45,BV45*-1+AM45,"NaN"),"NaN") -> 2.9450319 | ER45: =IFERROR(IF(BW45<AP45,BW45*-1+AP45,"NaN"),"NaN") -> 2.5495552 | ES45: =IFERROR(IF(BX45<AS45,BX45*-1+AS45,"NaN"),"NaN") -> 453.74683 | ET45: =IFERROR(IF(BY45<AU45,BY45*-1+AU45,"NaN"),"NaN") -> NaN | EU45: =IFERROR(IF(BZ45<AV45,BZ45*-1+AV45,"NaN"),"NaN") -> 1649.5353 | EV45: =IFERROR(IF(CA45<AY45,CA45*-1+AY45,"NaN"),"NaN") -> NaN | EW45: =IFERROR(IF(CB45<AZ45,CB45*-1+AZ45,"NaN"),"NaN") -> 2.7520474 | EX45: =IFERROR(IF(CC45<BB45,CC45*-1+BB45,"NaN"),"NaN") -> 0.016291202 | EY45: =IFERROR(IF(CD45<BC45,CD45*-1+BC45,"NaN"),"NaN") -> 133.83534
A46: 19248 | B46: 7S | C46: 7 | D46: S | E46: -652.1 | F46: -72.9627 | G46: -115.8584 | H46: 82.8038 | I46: 9.9 | J46: 3.8737044 | K46: 5296.5699 | L46: 65.535687 | M46: 55.636715 | N46: 86.228066 | O46: 4.6059271 | P46: 29.997999 | Q46: 76.445527 | R46: 74.778601 | S46: 0.008286842 | T46: 0.02358723 | U46: 0.029477195 | V46: 0.31414997 | W46: NaN | X46: 0.25976266 | Y46: 1905.2628 | Z46: 1968.5045 | AA46: NaN | AB46: 0.014899922 | AC46: 0.050549441 | AD46: 81.720042 | AE46: 0.018791107 | AF46: 497.51694 | AG46: 6.6145621 | AH46: 0.1938599 | AI46: 0.66681698 | AJ46: 52.278489 | AK46: 151923.32 | AL46: 2.297777 | AM46: 0.85835249 | AN46: 55.990942 | AO46: 0.021675333 | AP46: NaN | AQ46: 0.11736387 | AR46: 1.1912983 | AS46: 1089.7413 | AT46: NaN | AU46: 0.071487689 | AV46: 410.04858 | AW46: 0.007940331 | AX46: 1.0033678 | AY46: 12.027753 | AZ46: 0.69765495 | BA46: 0.000324597 | BB46: 0.010932925 | BC46: 481.39139 | BD46: 1.5969357 | BE46: 3.8596267 | BF46: 7061.2803 | BG46: 61.194495 | BH46: 70.386371 | BI46: 58.675511 | BJ46: 4.7038867 | BK46: 19.374157 | BL46: 61.978153 | BM46: 61.849289 | BN46: NaN | BO46: NaN | BP46: 0.010305163 | BQ46: 0.085466962 | BR46: NaN | BS46: 0.12937599 | BT46: 1787.0282 | BU46: 1780.8278 | BV46: NaN | BW46: NaN | BX46: 0.036790079 | BY46: 59.275185 | BZ46: 0.022990472 | CA46: 599.97977 | CB46: 0.90237059 | CC46: 0.18301861 | CD46: 0.67335759 | CE46: NaN | CF46: 175054.27 | CG46: 4.2942422 | CH46: 0.84091631 | CI46: 63.772119 | CJ46: 0.000287881 | CK46: NaN | CL46: 0.083062562 | CM46: 0.81652961 | CN46: 327.34722 | CO46: NaN | CP46: 0.083668154 | CQ46: 471.45849 | CR46: 0.000680485 | CS46: 1.0800985 | CT46: 13.428049 | CU46: NaN | CV46: 0.019768883 | CW46: 0.020776436 | CX46: 768.01097 | CY46: 3.2243387 | CZ46: 3.746946 | DA46: 771.32195 | DB46: 17.719808 | DC46: 45.134129 | DD46: 1.0109296 | DE46: 2.7633378 | DF46: 27.750011 | DG46: 37.953252 | DH46: 411.51603 | DI46: 409.18503 | DJ46: 0.44340878 | DK46: 433.34132 | DL46: NaN | DM46: 0.3434545 | DN46: 47.779258 | DO46: 125625.36 | DP46: 1.8570555 | DQ46: 0.092253109 | DR46: 0.40118839 | DS46: 725.57908 | DT46: 0.042842386 | DU46: NaN | DV46: 14.529669 | DW46: 0.44003792 | DX46: 0.023154389 | DY46: 380.82173 | DZ46: =IFERROR(IF(BE46<J46,BE46*-1+J46,"NaN"),"NaN") -> 0.014077656 | EA46: =IFERROR(IF(BF46<K46,BF46*-1+K46,"NaN"),"NaN") -> NaN | EB46: =IFERROR(IF(BG46<L46,BG46*-1+L46,"NaN"),"NaN") -> 4.3411918 | EC46: =IFERROR(IF(BH46<M46,BH46*-1+M46,"NaN"),"NaN") -> NaN | ED46: =IFERROR(IF(BI46<N46,BI46*-1+N46,"NaN"),"NaN") -> 27.552555 | EE46: =IFERROR(IF(BJ46<O46,BJ46*-1+O46,"NaN"),"NaN") -> NaN | EF46: =IFERROR(IF(BK46<P46,BK46*-1+P46,"NaN"),"NaN") -> 10.623841 | EG46: =IFERROR(IF(BL46<R46,BL46*-1+R46,"NaN"),"NaN") -> 12.800449 | EH46: =IFERROR(IF(BM46<Y46,BM46*-1+Y46,"NaN"),"NaN") -> 1843.4135 | EI46: =IFERROR(IF(BN46<Z46,BN46*-1+Z46,"NaN"),"NaN") -> NaN | EJ46: =IFERROR(IF(BO46<AD46,BO46*-1+AD46,"NaN"),"NaN") -> NaN | EK46: =IFERROR(IF(BP46<AF46,BP46*-1+AF46,"NaN"),"NaN") -> 497.50664 | EL46: =IFERROR(IF(BQ46<AG46,BQ46*-1+AG46,"NaN"),"NaN") -> 6.5290951 | EM46: =IFERROR(IF(BR46<AI46,BR46*-1+AI46,"NaN"),"NaN") -> NaN | EN46: =IFERROR(IF(BS46<AJ46,BS46*-1+AJ46,"NaN"),"NaN") -> 52.149113 | EO46: =IFERROR(IF(BT46<AK46,BT46*-1+AK46,"NaN"),"NaN") -> 150136.29 | EP46: =IFERROR(IF(BU46<AL46,BU46*-1+AL46,"NaN"),"NaN") -> NaN | EQ46: =IFERROR(IF(BV46<AM46,BV46*-1+AM46,"NaN"),"NaN") -> NaN | ER46: =IFERROR(IF(BW46<AP46,BW46*-1+AP46,"NaN"),"NaN") -> NaN | ES46: =IFERROR(IF(BX46<AS46,BX46*-1+AS46,"NaN"),"NaN") -> 1089.7045 | ET46: =IFERROR(IF(BY46<AU46,BY46*-1+AU46,"NaN"),"NaN") -> NaN | EU46: =IFERROR(IF(BZ46<AV46,BZ46*-1+AV46,"NaN"),"NaN") -> 410.02558 | EV46: =IFERROR(IF(CA46<AY46,CA46*-1+AY46,"NaN"),"NaN") -> NaN | EW46: =IFERROR(IF(CB46<AZ46,CB46*-1+AZ46,"NaN"),"NaN") -> NaN | EX46: =IFERROR(IF(CC46<BB46,CC46*-1+BB46,"NaN"),"NaN") -> NaN | EY46: =IFERROR(IF(CD46<BC46,CD46*-1+BC46,"NaN"),"NaN") -> 480.71803
A47: 19249 | B47: 7S | C47: 7 | D47: S | E47: -617.46 | F47: -72.9627 | G47: -115.8584 | H47: 82.8038 | I47: 44.54 | J47: 1.8119036 | K47: 19916.903 | L47: 112.13628 | M47: 15.461265 | N47: 148.10601 | O47: 7.6347782 | P47: 47.317544 | Q47: 51.344195 | R47: 52.471946 | S47: 0.3468547 | T47: 0.25704177 | U47: 0.12826968 | V47: 0.19421135 | W47: 0.045790729 | X47: 0.45101487 | Y47: 7625.4897 | Z47: 7746.1722 | AA47: 0.48080317 | AB47: 0.04699514 | AC47: 0.24891748 | AD47: 142.61494 | AE47: 0.091765502 | AF47: 1353.5763 | AG47: 3.8565923 | AH47: 0.82319576 | AI47: 2.7919704 | AJ47: 22.184326 | AK47: 25226.821 | AL47: 5.5151149 | AM47: 3.4635497 | AN47: 34.631202 | AO47: 0.011049931 | AP47: 1.6915623 | AQ47: 0.53607229 | AR47: 2.7472004 | AS47: 419.61847 | AT47: 0.42780582 | AU47: 0.33014722 | AV47: 1737.682 | AW47: 0.12962741 | AX47: 0.38196459 | AY47: 34.277368 | AZ47: 2.6636612 | BA47: 0.070180674 | BB47: 0.082908395 | BC47: 236.31619 | BD47: 17.621363 | BE47: 0.98945841 | BF47: 5003.8401 | BG47: 47.185191 | BH47: 11.617578 | BI47: 45.727077 | BJ47: 1.7689302 | BK47: 4.5053802 | BL47: 23.172754 | BM47: 23.071374 | BN47: 0.001287203 | BO47: 0.009157126 | BP47: 0.012753942 | BQ47: 0.040950896 | BR47: NaN | BS47: 0.10530165 | BT47: 1538.9377 | BU47: 1545.4301 | BV47: NaN | BW47: 0.002423038 | BX47: 0.035306143 | BY47: 46.304273 | BZ47: 0.014700749 | CA47: 184.16204 | CB47: 0.65333029 | CC47: 0.13630313 | CD47: 0.49099737 | CE47: NaN | CF47: 21889.467 | CG47: 0.73387857 | CH47: 0.55012008 | CI47: 8.0731906 | CJ47: 0.000722899 | CK47: NaN | CL47: 0.069628332 | CM47: 0.55368032 | CN47: 132.36564 | CO47: NaN | CP47: 0.039510934 | CQ47: 582.99605 | CR47: 0.010678105 | CS47: 0.23744179 | CT47: 5.1707786 | CU47: NaN | CV47: 0.012033402 | CW47: 0.018867889 | CX47: 247.5377 | CY47: 1.1183812 | CZ47: 1.8329244 | DA47: 3430.4388 | DB47: 28.494677 | DC47: 14.44709 | DD47: 5.5103092 | DE47: 3.8039052 | DF47: 41.123094 | DG47: 29.783309 | DH47: 1969.9064 | DI47: 1957.2761 | DJ47: 1.9694773 | DK47: 1221.6965 | DL47: 1.8600249 | DM47: 1.8263677 | DN47: 11.993229 | DO47: 25158.797 | DP47: 3.5710186 | DQ47: 0.4818422 | DR47: 0.67831764 | DS47: 601.76258 | DT47: 0.18443601 | DU47: 23.476418 | DV47: 21.508832 | DW47: 2.0244721 | DX47: 0.058676299 | DY47: 177.67293 | DZ47: =IFERROR(IF(BE47<J47,BE47*-1+J47,"NaN"),"NaN") -> 0.82244517 | EA47: =IFERROR(IF(BF47<K47,BF47*-1+K47,"NaN"),"NaN") -> 14913.062 | EB47: =IFERROR(IF(BG47<L47,BG47*-1+L47,"NaN"),"NaN") -> 64.951085 | EC47: =IFERROR(IF(BH47<M47,BH47*-1+M47,"NaN"),"NaN") -> 3.843687 | ED47: =IFERROR(IF(BI47<N47,BI47*-1+N47,"NaN"),"NaN") -> 102.37893 | EE47: =IFERROR(IF(BJ47<O47,BJ47*-1+O47,"NaN"),"NaN") -> 5.865848 | EF47: =IFERROR(IF(BK47<P47,BK47*-1+P47,"NaN"),"NaN") -> 42.812164 | EG47: =IFERROR(IF(BL47<R47,BL47*-1+R47,"NaN"),"NaN") -> 29.299192 | EH47: =IFERROR(IF(BM47<Y47,BM47*-1+Y47,"NaN"),"NaN") -> 7602.4183 | EI47: =IFERROR(IF(BN47<Z47,BN47*-1+Z47,"NaN"),"NaN") -> 7746.1709 | EJ47: =IFERROR(IF(BO47<AD47,BO47*-1+AD47,"NaN"),"NaN") -> 142.60578 | EK47: =IFERROR(IF(BP47<AF47,BP47*-1+AF47,"NaN"),"NaN") -> 1353.5635 | EL47: =IFERROR(IF(BQ47<AG47,BQ47*-1+AG47,"NaN"),"NaN") -> 3.8156414 | EM47: =IFERROR(IF(BR47<AI47,BR47*-1+AI47,"NaN"),"NaN") -> NaN | EN47: =IFERROR(IF(BS47<AJ47,BS47*-1+AJ47,"NaN"),"NaN") -> 22.079025 | EO47: =IFERROR(IF(BT47<AK47,BT47*-1+AK47,"NaN"),"NaN") -> 23687.883 | EP47: =IFERROR(IF(BU47<AL47,BU47*-1+AL47,"NaN"),"NaN") -> NaN | EQ47: =IFERROR(IF(BV47<AM47,BV47*-1+AM47,"NaN"),"NaN") -> NaN | ER47: =IFERROR(IF(BW47<AP47,BW47*-1+AP47,"NaN"),"NaN") -> 1.6891393 | ES47: =IFERROR(IF(BX47<AS47,BX47*-1+AS47,"NaN"),"NaN") -> 419.58317 | ET47: =IFERROR(IF(BY47<AU47,BY47*-1+AU47,"NaN"),"NaN") -> NaN | EU47: =IFERROR(IF(BZ47<AV47,BZ47*-1+AV47,"NaN"),"NaN") -> 1737.6673 | EV47: =IFERROR(IF(CA47<AY47,CA47*-1+AY47,"NaN"),"NaN") -> NaN | EW47: =IFERROR(IF(CB47<AZ47,CB47*-1+AZ47,"NaN"),"NaN") -> 2.0103309 | EX47: =IFERROR(IF(CC47<BB47,CC47*-1+BB47,"NaN"),"NaN") -> NaN | EY47: =IFERROR(IF(CD47<BC47,CD47*-1+BC47,"NaN"),"NaN") -> 235.8252
A48: 19250 | B48: 7S | C48: 7 | D48: S | E48: -582.82 | F48: -72.9627 | G48: -115.8584 | H48: 82.8038 | I48: 79.18 | J48: 0.95678797 | K48: 22761.5 | L48: 120.0884 | M48: 6.1892601 | N48: 158.89693 | O48: 7.5494139 | P48: 19.417059 | Q48: 39.687892 | R48: 38.573599 | S48: 0.34463028 | T48: 0.26847527 | U48: 0.12298977 | V48: 0.10220415 | W48: 0.04987167 | X48: 0.3871732 | Y48: 8406.9253 | Z48: 8570.6184 | AA48: 0.5960044 | AB48: 0.041022931 | AC48: 0.23331535 | AD48: 154.80824 | AE48: 0.090254831 | AF48: 1533.2016 | AG48: 2.487684 | AH48: 0.77185731 | AI48: 2.6040924 | AJ48: 15.732347 | AK48: 9314.3775 | AL48: 5.3743849 | AM48: 3.2036826 | AN48: 25.530482 | AO48: 0.003879369 | AP48: 2.2373594 | AQ48: 0.47647351 | AR48: 2.4367043 | AS48: 180.49276 | AT48: 0.46303497 | AU48: 0.4762429 | AV48: 1629.2515 | AW48: 0.11714729 | AX48: 0.23868776 | AY48: 38.820608 | AZ48: 2.6304449 | BA48: 0.079283268 | BB48: 0.085343033 | BC48: 108.04846 | BD48: 18.723431 | BE48: 0.14274724 | BF48: 6981.3374 | BG48: 35.264681 | BH48: 1.1233091 | BI48: 34.901018 | BJ48: 1.2571781 | BK48: 7.9367725 | BL48: 8.5462024 | BM48: 8.2854597 | BN48: 0.096401508 | BO48: 0.080188924 | BP48: 0.045099717 | BQ48: 0.02298872 | BR48: 0.017816264 | BS48: 0.14766008 | BT48: 2452.0142 | BU48: 2461.0167 | BV48: 0.17427339 | BW48: 0.014314369 | BX48: 0.081459993 | BY48: 35.331862 | BZ48: 0.032857779 | CA48: 159.00147 | CB48: 0.27771839 | CC48: 0.23726445 | CD48: 0.78759266 | CE48: NaN | CF48: 4333.2864 | CG48: 0.87250971 | CH48: 0.89365317 | CI48: 5.6411866 | CJ48: NaN | CK48: 0.65853023 | CL48: 0.14367588 | CM48: 0.80965502 | CN48: 121.76319 | CO48: 0.11061078 | CP48: 0.11128138 | CQ48: 363.15953 | CR48: 0.041548302 | CS48: 0.12798614 | CT48: 8.0638938 | CU48: 0.33662623 | CV48: 0.029493227 | CW48: 0.035173791 | CX48: 40.953471 | CY48: 3.1459114 | CZ48: 0.91997995 | DA48: 3920.162 | DB48: 22.410285 | DC48: 5.4725345 | DD48: 5.4802494 | DE48: 4.036685 | DF48: 6.813099 | DG48: 18.957047 | DH48: 2203.0275 | DI48: 2228.1911 | DJ48: 1.9029849 | DK48: 1326.6129 | DL48: 0.64432322 | DM48: 1.7558127 | DN48: 6.6902175 | DO48: 7441.0554 | DP48: 5.0799615 | DQ48: 0.46059136 | DR48: 0.27261724 | DS48: 192.3497 | DT48: 0.092389211 | DU48: 23.968833 | DV48: 23.166247 | DW48: 1.8500206 | DX48: 0.065609795 | DY48: 70.318587 | DZ48: =IFERROR(IF(BE48<J48,BE48*-1+J48,"NaN"),"NaN") -> 0.81404073 | EA48: =IFERROR(IF(BF48<K48,BF48*-1+K48,"NaN"),"NaN") -> 15780.162 | EB48: =IFERROR(IF(BG48<L48,BG48*-1+L48,"NaN"),"NaN") -> 84.823714 | EC48: =IFERROR(IF(BH48<M48,BH48*-1+M48,"NaN"),"NaN") -> 5.065951 | ED48: =IFERROR(IF(BI48<N48,BI48*-1+N48,"NaN"),"NaN") -> 123.99591 | EE48: =IFERROR(IF(BJ48<O48,BJ48*-1+O48,"NaN"),"NaN") -> 6.2922359 | EF48: =IFERROR(IF(BK48<P48,BK48*-1+P48,"NaN"),"NaN") -> 11.480287 | EG48: =IFERROR(IF(BL48<R48,BL48*-1+R48,"NaN"),"NaN") -> 30.027396 | EH48: =IFERROR(IF(BM48<Y48,BM48*-1+Y48,"NaN"),"NaN") -> 8398.6399 | EI48: =IFERROR(IF(BN48<Z48,BN48*-1+Z48,"NaN"),"NaN") -> 8570.522 | EJ48: =IFERROR(IF(BO48<AD48,BO48*-1+AD48,"NaN"),"NaN") -> 154.72805 | EK48: =IFERROR(IF(BP48<AF48,BP48*-1+AF48,"NaN"),"NaN") -> 1533.1565 | EL48: =IFERROR(IF(BQ48<AG48,BQ48*-1+AG48,"NaN"),"NaN") -> 2.4646953 | EM48: =IFERROR(IF(BR48<AI48,BR48*-1+AI48,"NaN"),"NaN") -> 2.5862762 | EN48: =IFERROR(IF(BS48<AJ48,BS48*-1+AJ48,"NaN"),"NaN") -> 15.584687 | EO48: =IFERROR(IF(BT48<AK48,BT48*-1+AK48,"NaN"),"NaN") -> 6862.3634 | EP48: =IFERROR(IF(BU48<AL48,BU48*-1+AL48,"NaN"),"NaN") -> NaN | EQ48: =IFERROR(IF(BV48<AM48,BV48*-1+AM48,"NaN"),"NaN") -> 3.0294092 | ER48: =IFERROR(IF(BW48<AP48,BW48*-1+AP48,"NaN"),"NaN") -> 2.223045 | ES48: =IFERROR(IF(BX48<AS48,BX48*-1+AS48,"NaN"),"NaN") -> 180.4113 | ET48: =IFERROR(IF(BY48<AU48,BY48*-1+AU48,"NaN"),"NaN") -> NaN | EU48: =IFERROR(IF(BZ48<AV48,BZ48*-1+AV48,"NaN"),"NaN") -> 1629.2186 | EV48: =IFERROR(IF(CA48<AY48,CA48*-1+AY48,"NaN"),"NaN") -> NaN | EW48: =IFERROR(IF(CB48<AZ48,CB48*-1+AZ48,"NaN"),"NaN") -> 2.3527265 | EX48: =IFERROR(IF(CC48<BB48,CC48*-1+BB48,"NaN"),"NaN") -> NaN | EY48: =IFERROR(IF(CD48<BC48,CD48*-1+BC48,"NaN"),"NaN") -> 107.26087
A49: 19251 | B49: 7S | C49: 7 | D49: S | E49: -563.03 | F49: -72.9627 | G49: -115.8584 | H49: 82.8038 | I49: 98.97 | J49: 0.77710618 | K49: 15486.323 | L49: 106.39814 | M49: 4.516478 | N49: 135.68092 | O49: 5.5117741 | P49: 7.8504756 | Q49: 31.657564 | R49: 31.143791 | S49: 0.19365023 | T49: 0.14873747 | U49: 0.07791674 | V49: 0.079179596 | W49: 0.027306015 | X49: 0.23045271 | Y49: 5087.4436 | Z49: 5222.9239 | AA49: 0.30348602 | AB49: 0.024283716 | AC49: 0.14730117 | AD49: 134.30932 | AE49: 0.056712402 | AF49: 1173.613 | AG49: 2.1899265 | AH49: 0.43515834 | AI49: 1.4673322 | AJ49: 10.917057 | AK49: 6125.3849 | AL49: 3.8597279 | AM49: 1.8190817 | AN49: 16.876718 | AO49: 0.003485453 | AP49: 1.5338794 | AQ49: 0.28027049 | AR49: 1.4033326 | AS49: 183.46895 | AT49: 0.25406533 | AU49: 0.24800997 | AV49: 1065.9062 | AW49: 0.07245264 | AX49: 0.1499941 | AY49: 23.815933 | AZ49: 1.7130269 | BA49: 0.048911422 | BB49: 0.050674519 | BC49: 75.337271 | BD49: 8.4213011 | BE49: 0.13481073 | BF49: 9207.5575 | BG49: 35.539122 | BH49: 0.77095244 | BI49: 34.430788 | BJ49: 1.7421279 | BK49: 6.7084906 | BL49: 20.164184 | BM49: 19.839716 | BN49: 0.15125077 | BO49: 0.12078357 | BP49: 0.063337288 | BQ49: 0.028935644 | BR49: 0.030520011 | BS49: 0.20374366 | BT49: 3419.0909 | BU49: 3429.8059 | BV49: 0.3014166 | BW49: 0.02097337 | BX49: 0.11409532 | BY49: 35.317519 | BZ49: 0.047049482 | CA49: 218.18308 | CB49: 0.35154437 | CC49: 0.33717629 | CD49: 1.0921804 | CE49: 2.6595 | CF49: 3332.174 | CG49: 1.1136029 | CH49: 1.2614435 | CI49: 7.9489117 | CJ49: 0.008752756 | CK49: 0.98110428 | CL49: 0.19799005 | CM49: 1.1570158 | CN49: 126.86978 | CO49: 0.18155207 | CP49: 0.17665003 | CQ49: 488.03954 | CR49: 0.055782179 | CS49: 0.11652403 | CT49: 11.392381 | CU49: 0.87946407 | CV49: 0.05159038 | CW49: 0.048067377 | CX49: 40.035272 | CY49: 5.7576681 | CZ49: 0.61443524 | DA49: 2221.4353 | DB49: 23.003576 | DC49: 3.4311067 | DD49: 3.2599349 | DE49: 2.8943239 | DF49: 0.4717098 | DG49: 15.497449 | DH49: 1257.6742 | DI49: 1258.9082 | DJ49: 1.0738334 | DK49: 904.7703 | DL49: 0.63228918 | DM49: 0.96392503 | DN49: 7.0337372 | DO49: 4210.164 | DP49: 3.5435462 | DQ49: 0.2605922 | DR49: 0.19623499 | DS49: 73.939017 | DT49: 0.082838796 | DU49: 18.715811 | DV49: 15.84478 | DW49: 1.081123 | DX49: 0.042068925 | DY49: 54.646577 | DZ49: =IFERROR(IF(BE49<J49,BE49*-1+J49,"NaN"),"NaN") -> 0.64229545 | EA49: =IFERROR(IF(BF49<K49,BF49*-1+K49,"NaN"),"NaN") -> 6278.7652 | EB49: =IFERROR(IF(BG49<L49,BG49*-1+L49,"NaN"),"NaN") -> 70.859019 | EC49: =IFERROR(IF(BH49<M49,BH49*-1+M49,"NaN"),"NaN") -> 3.7455256 | ED49: =IFERROR(IF(BI49<N49,BI49*-1+N49,"NaN"),"NaN") -> 101.25013 | EE49: =IFERROR(IF(BJ49<O49,BJ49*-1+O49,"NaN"),"NaN") -> 3.7696463 | EF49: =IFERROR(IF(BK49<P49,BK49*-1+P49,"NaN"),"NaN") -> 1.141985 | EG49: =IFERROR(IF(BL49<R49,BL49*-1+R49,"NaN"),"NaN") -> 10.979606 | EH49: =IFERROR(IF(BM49<Y49,BM49*-1+Y49,"NaN"),"NaN") -> 5067.6038 | EI49: =IFERROR(IF(BN49<Z49,BN49*-1+Z49,"NaN"),"NaN") -> 5222.7726 | EJ49: =IFERROR(IF(BO49<AD49,BO49*-1+AD49,"NaN"),"NaN") -> 134.18854 | EK49: =IFERROR(IF(BP49<AF49,BP49*-1+AF49,"NaN"),"NaN") -> 1173.5496 | EL49: =IFERROR(IF(BQ49<AG49,BQ49*-1+AG49,"NaN"),"NaN") -> 2.1609909 | EM49: =IFERROR(IF(BR49<AI49,BR49*-1+AI49,"NaN"),"NaN") -> 1.4368122 | EN49: =IFERROR(IF(BS49<AJ49,BS49*-1+AJ49,"NaN"),"NaN") -> 10.713313 | EO49: =IFERROR(IF(BT49<AK49,BT49*-1+AK49,"NaN"),"NaN") -> 2706.2939 | EP49: =IFERROR(IF(BU49<AL49,BU49*-1+AL49,"NaN"),"NaN") -> NaN | EQ49: =IFERROR(IF(BV49<AM49,BV49*-1+AM49,"NaN"),"NaN") -> 1.5176651 | ER49: =IFERROR(IF(BW49<AP49,BW49*-1+AP49,"NaN"),"NaN") -> 1.512906 | ES49: =IFERROR(IF(BX49<AS49,BX49*-1+AS49,"NaN"),"NaN") -> 183.35485 | ET49: =IFERROR(IF(BY49<AU49,BY49*-1+AU49,"NaN"),"NaN") -> NaN | EU49: =IFERROR(IF(BZ49<AV49,BZ49*-1+AV49,"NaN"),"NaN") -> 1065.8592 | EV49: =IFERROR(IF(CA49<AY49,CA49*-1+AY49,"NaN"),"NaN") -> NaN | EW49: =IFERROR(IF(CB49<AZ49,CB49*-1+AZ49,"NaN"),"NaN") -> 1.3614825 | EX49: =IFERROR(IF(CC49<BB49,CC49*-1+BB49,"NaN"),"NaN") -> NaN | EY49: =IFERROR(IF(CD49<BC49,CD49*-1+BC49,"NaN"),"NaN") -> 74.24509
A50: 19252 | B50: 7S | C50: 7 | D50: S | E50: -464.06 | F50: -72.9627 | G50: -115.8584 | H50: 82.8038 | I50: 197.94 | J50: 0.81677507 | K50: 9147.9179 | L50: 88.847037 | M50: 5.711998 | N50: 113.04652 | O50: 5.2189232 | P50: 25.847648 | Q50: 35.595059 | R50: 34.273629 | S50: 0.12526678 | T50: 0.092921125 | U50: 0.049290917 | V50: 0.096996735 | W50: 0.016479584 | X50: 0.18538637 | Y50: 3625.073 | Z50: 3753.2493 | AA50: 0.17176433 | AB50: 0.017669722 | AC50: 0.093333185 | AD50: 110.65936 | AE50: 0.034965612 | AF50: 1168.4271 | AG50: 2.2204324 | AH50: 0.31537644 | AI50: 1.0958046 | AJ50: 9.4626124 | AK50: 5781.8416 | AL50: 3.7321326 | AM50: 1.3359874 | AN50: 11.673083 | AO50: 0.004478649 | AP50: 0.71564277 | AQ50: 0.20129917 | AR50: 1.1109218 | AS50: 201.17101 | AT50: 0.16756718 | AU50: 0.12731878 | AV50: 775.11811 | AW50: 0.045968884 | AX50: 0.1193313 | AY50: 19.044247 | AZ50: 1.0907024 | BA50: 0.030178384 | BB50: 0.023595857 | BC50: 69.294579 | BD50: 4.7505135 | BE50: 0.067503065 | BF50: 4397.4191 | BG50: 103.90953 | BH50: 0.464773 | BI50: 100.75941 | BJ50: 1.1571141 | BK50: 6.0336197 | BL50: 10.168067 | BM50: 10.084559 | BN50: 0.05549168 | BO50: 0.046357243 | BP50: 0.023775566 | BQ50: 0.01655577 | BR50: 0.010791059 | BS50: 0.09212197 | BT50: 1498.0362 | BU50: 1497.1758 | BV50: 0.11645219 | BW50: 0.008260496 | BX50: 0.045096944 | BY50: 103.58716 | BZ50: 0.018796636 | CA50: 151.31275 | CB50: 0.38771822 | CC50: 0.14467721 | CD50: 0.48372687 | CE50: 0.43275 | CF50: 1601.2879 | CG50: 0.80288961 | CH50: 0.55478596 | CI50: 4.2782603 | CJ50: NaN | CK50: 0.37326455 | CL50: 0.080278866 | CM50: 0.52351391 | CN50: 70.558628 | CO50: 0.062966571 | CP50: 0.058690916 | CQ50: 271.64875 | CR50: 0.021548431 | CS50: 0.050132733 | CT50: 5.4482278 | CU50: 0.19186908 | CV50: 0.017992704 | CW50: 0.022334178 | CX50: 22.900536 | CY50: 1.5277051 | CZ50: 0.7403875 | DA50: 1699.4558 | DB50: 28.114024 | DC50: 4.8327455 | DD50: 3.1335221 | DE50: 3.3990301 | DF50: 14.510512 | DG50: 17.247256 | DH50: 1042.1578 | DI50: 1028.4914 | DJ50: 0.9289097 | DK50: 1031.3366 | DL50: 0.7515453 | DM50: 0.85964434 | DN50: 8.9776779 | DO50: 4275.7572 | DP50: 3.8335632 | DQ50: 0.22011781 | DR50: 0.21975476 | DS50: 148.71988 | DT50: 0.092258798 | DU50: 16.026869 | DV50: 13.774297 | DW50: 0.97014699 | DX50: 0.042192895 | DY50: 43.840823 | DZ50: =IFERROR(IF(BE50<J50,BE50*-1+J50,"NaN"),"NaN") -> 0.74927201 | EA50: =IFERROR(IF(BF50<K50,BF50*-1+K50,"NaN"),"NaN") -> 4750.4987 | EB50: =IFERROR(IF(BG50<L50,BG50*-1+L50,"NaN"),"NaN") -> NaN | EC50: =IFERROR(IF(BH50<M50,BH50*-1+M50,"NaN"),"NaN") -> 5.247225 | ED50: =IFERROR(IF(BI50<N50,BI50*-1+N50,"NaN"),"NaN") -> 12.287109 | EE50: =IFERROR(IF(BJ50<O50,BJ50*-1+O50,"NaN"),"NaN") -> 4.0618091 | EF50: =IFERROR(IF(BK50<P50,BK50*-1+P50,"NaN"),"NaN") -> 19.814028 | EG50: =IFERROR(IF(BL50<R50,BL50*-1+R50,"NaN"),"NaN") -> 24.105562 | EH50: =IFERROR(IF(BM50<Y50,BM50*-1+Y50,"NaN"),"NaN") -> 3614.9885 | EI50: =IFERROR(IF(BN50<Z50,BN50*-1+Z50,"NaN"),"NaN") -> 3753.1938 | EJ50: =IFERROR(IF(BO50<AD50,BO50*-1+AD50,"NaN"),"NaN") -> 110.613 | EK50: =IFERROR(IF(BP50<AF50,BP50*-1+AF50,"NaN"),"NaN") -> 1168.4034 | EL50: =IFERROR(IF(BQ50<AG50,BQ50*-1+AG50,"NaN"),"NaN") -> 2.2038766 | EM50: =IFERROR(IF(BR50<AI50,BR50*-1+AI50,"NaN"),"NaN") -> 1.0850135 | EN50: =IFERROR(IF(BS50<AJ50,BS50*-1+AJ50,"NaN"),"NaN") -> 9.3704905 | EO50: =IFERROR(IF(BT50<AK50,BT50*-1+AK50,"NaN"),"NaN") -> 4283.8054 | EP50: =IFERROR(IF(BU50<AL50,BU50*-1+AL50,"NaN"),"NaN") -> NaN | EQ50: =IFERROR(IF(BV50<AM50,BV50*-1+AM50,"NaN"),"NaN") -> 1.2195352 | ER50: =IFERROR(IF(BW50<AP50,BW50*-1+AP50,"NaN"),"NaN") -> 0.70738227 | ES50: =IFERROR(IF(BX50<AS50,BX50*-1+AS50,"NaN"),"NaN") -> 201.12591 | ET50: =IFERROR(IF(BY50<AU50,BY50*-1+AU50,"NaN"),"NaN") -> NaN | EU50: =IFERROR(IF(BZ50<AV50,BZ50*-1+AV50,"NaN"),"NaN") -> 775.09932 | EV50: =IFERROR(IF(CA50<AY50,CA50*-1+AY50,"NaN"),"NaN") -> NaN | EW50: =IFERROR(IF(CB50<AZ50,CB50*-1+AZ50,"NaN"),"NaN") -> 0.70298421 | EX50: =IFERROR(IF(CC50<BB50,CC50*-1+BB50,"NaN"),"NaN") -> NaN | EY50: =IFERROR(IF(CD50<BC50,CD50*-1+BC50,"NaN"),"NaN") -> 68.810852
A51: 19253 | B51: 7S | C51: 7 | D51: S | E51: -365.08 | F51: -72.9627 | G51: -115.8584 | H51: 82.8038 | I51: 296.92 | J51: 0.78386597 | K51: 11825.005 | L51: 90.584922 | M51: 4.7302824 | N51: 120.87839 | O51: 5.8614493 | P51: 21.572154 | Q51: 31.525134 | R51: 31.424528 | S51: 0.16715984 | T51: 0.1276991 | U51: 0.06848485 | V51: 0.08622127 | W51: 0.023925936 | X51: 0.22392853 | Y51: 4060.3393 | Z51: 4232.4084 | AA51: 0.27535941 | AB51: 0.022431862 | AC51: 0.12453776 | AD51: 113.72883 | AE51: 0.046683204 | AF51: 1286.1311 | AG51: 2.1253301 | AH51: 0.4160748 | AI51: 1.4185429 | AJ51: 9.6605147 | AK51: 4778.8029 | AL51: 4.222861 | AM51: 1.7432297 | AN51: 13.565676 | AO51: 0.00384854 | AP51: 1.0077169 | AQ51: 0.25986707 | AR51: 1.3281566 | AS51: 52.295835 | AT51: 0.23599448 | AU51: 0.17394996 | AV51: 884.26591 | AW51: 0.05910239 | AX51: 0.12678825 | AY51: 21.357924 | AZ51: 1.4324446 | BA51: 0.042611303 | BB51: 0.044724359 | BC51: 64.914902 | BD51: 6.368557 | BE51: 0.032423912 | BF51: 2593.7888 | BG51: 10.027557 | BH51: 0.15523959 | BI51: 9.7686248 | BJ51: 0.56731095 | BK51: 8.5406877 | BL51: 2.0637533 | BM51: 2.192367 | BN51: 0.028639121 | BO51: 0.026024316 | BP51: 0.013672018 | BQ51: 0.012480055 | BR51: 0.003736816 | BS51: 0.053391231 | BT51: 905.98565 | BU51: 894.04776 | BV51: 0.038796571 | BW51: 0.004491378 | BX51: 0.027004394 | BY51: 10.007097 | BZ51: 0.011331397 | CA51: 79.299452 | CB51: 0.12598452 | CC51: 0.086708837 | CD51: 0.29438659 | CE51: NaN | CF51: 499.42199 | CG51: 0.37020463 | CH51: 0.33724845 | CI51: 1.8160195 | CJ51: 0.000112307 | CK51: 0.14361743 | CL51: 0.049310272 | CM51: 0.3093605 | CN51: 24.523675 | CO51: 0.031420365 | CP51: 0.036133362 | CQ51: 162.21888 | CR51: 0.012305163 | CS51: 0.020413551 | CT51: 2.9309244 | CU51: 0.005186691 | CV51: 0.01066104 | CW51: 0.011578343 | CX51: 8.8598149 | CY51: 0.77166468 | CZ51: 0.68550806 | DA51: 1905.4677 | DB51: 24.612328 | DC51: 4.2158116 | DD51: 3.4310613 | DE51: 3.674038 | DF51: 9.6417215 | DG51: 17.630522 | DH51: 1160.5103 | DI51: 1142.4771 | DJ51: 1.0069769 | DK51: 1109.0867 | DL51: 0.77598965 | DM51: 0.9174155 | DN51: 4.710976 | DO51: 3668.38 | DP51: 4.1129015 | DQ51: 0.24673232 | DR51: 0.22104334 | DS51: 207.05606 | DT51: 0.091850606 | DU51: 18.547437 | DV51: 14.500672 | DW51: 1.0173509 | DX51: 0.04242492 | DY51: 39.135301 | DZ51: =IFERROR(IF(BE51<J51,BE51*-1+J51,"NaN"),"NaN") -> 0.75144206 | EA51: =IFERROR(IF(BF51<K51,BF51*-1+K51,"NaN"),"NaN") -> 9231.2164 | EB51: =IFERROR(IF(BG51<L51,BG51*-1+L51,"NaN"),"NaN") -> 80.557365 | EC51: =IFERROR(IF(BH51<M51,BH51*-1+M51,"NaN"),"NaN") -> 4.5750428 | ED51: =IFERROR(IF(BI51<N51,BI51*-1+N51,"NaN"),"NaN") -> 111.10977 | EE51: =IFERROR(IF(BJ51<O51,BJ51*-1+O51,"NaN"),"NaN") -> 5.2941384 | EF51: =IFERROR(IF(BK51<P51,BK51*-1+P51,"NaN"),"NaN") -> 13.031466 | EG51: =IFERROR(IF(BL51<R51,BL51*-1+R51,"NaN"),"NaN") -> 29.360775 | EH51: =IFERROR(IF(BM51<Y51,BM51*-1+Y51,"NaN"),"NaN") -> 4058.147 | EI51: =IFERROR(IF(BN51<Z51,BN51*-1+Z51,"NaN"),"NaN") -> 4232.3797 | EJ51: =IFERROR(IF(BO51<AD51,BO51*-1+AD51,"NaN"),"NaN") -> 113.7028 | EK51: =IFERROR(IF(BP51<AF51,BP51*-1+AF51,"NaN"),"NaN") -> 1286.1175 | EL51: =IFERROR(IF(BQ51<AG51,BQ51*-1+AG51,"NaN"),"NaN") -> 2.11285 | EM51: =IFERROR(IF(BR51<AI51,BR51*-1+AI51,"NaN"),"NaN") -> 1.4148061 | EN51: =IFERROR(IF(BS51<AJ51,BS51*-1+AJ51,"NaN"),"NaN") -> 9.6071235 | EO51: =IFERROR(IF(BT51<AK51,BT51*-1+AK51,"NaN"),"NaN") -> 3872.8173 | EP51: =IFERROR(IF(BU51<AL51,BU51*-1+AL51,"NaN"),"NaN") -> NaN | EQ51: =IFERROR(IF(BV51<AM51,BV51*-1+AM51,"NaN"),"NaN") -> 1.7044332 | ER51: =IFERROR(IF(BW51<AP51,BW51*-1+AP51,"NaN"),"NaN") -> 1.0032255 | ES51: =IFERROR(IF(BX51<AS51,BX51*-1+AS51,"NaN"),"NaN") -> 52.268831 | ET51: =IFERROR(IF(BY51<AU51,BY51*-1+AU51,"NaN"),"NaN") -> NaN | EU51: =IFERROR(IF(BZ51<AV51,BZ51*-1+AV51,"NaN"),"NaN") -> 884.25458 | EV51: =IFERROR(IF(CA51<AY51,CA51*-1+AY51,"NaN"),"NaN") -> NaN | EW51: =IFERROR(IF(CB51<AZ51,CB51*-1+AZ51,"NaN"),"NaN") -> 1.3064601 | EX51: =IFERROR(IF(CC51<BB51,CC51*-1+BB51,"NaN"),"NaN") -> NaN | EY51: =IFERROR(IF(CD51<BC51,CD51*-1+BC51,"NaN"),"NaN") -> 64.620516
